ticket,order,time,time_msc,type,entry,magic,position_id,reason,volume,price,commission,swap,profit,fee,symbol,comment,external_id
1064732919,1303210945,2025-11-05 12:11:02,1762344662447,0,0,0,1303210945,3,0.01,1.84114,0.0,0.0,0.0,0.0,GBPCAD,MACD_Strategy,
1064746951,1303227167,2025-11-05 12:21:41,1762345301272,0,0,0,1303227167,3,0.76,200.323,0.0,0.0,0.0,0.0,GBPJPY,MACD_Strategy,
1064746961,1303227178,2025-11-05 12:21:41,1762345301816,0,0,0,1303227178,3,0.65,1.8414899999999998,0.0,0.0,0.0,0.0,GBPCAD,MACD_Strategy,
1064747572,1303227958,2025-11-05 12:22:27,1762345347597,1,1,0,1303210945,0,0.01,1.84144,0.0,0.0,0.21,0.0,GBPCAD,,
1064753325,1303235387,2025-11-05 12:30:42,1762345842565,1,1,0,1303227167,0,0.76,200.295,0.0,0.0,-13.84,0.0,GBPJPY,,
1064753329,1303235395,2025-11-05 12:30:43,1762345843567,1,1,0,1303227178,0,0.65,1.84148,0.0,0.0,-0.46,0.0,GBPCAD,,
1064757877,1303240706,2025-11-05 12:35:09,1762346109454,0,0,0,1303240706,3,0.64,1.84152,0.0,0.0,0.0,0.0,GBPCAD,MACD_Strategy,
1064760651,1303243908,2025-11-05 12:38:32,1762346312975,1,0,0,1303243908,3,0.01,0.88108,0.0,0.0,0.0,0.0,EURGBP,MACD_Strategy,
1064760655,1303243913,2025-11-05 12:38:33,1762346313497,0,0,0,1303243913,3,0.01,1.7715800000000002,0.0,0.0,0.0,0.0,EURAUD,MACD_Strategy,
1064760657,1303243915,2025-11-05 12:38:34,1762346314025,0,0,0,1303243915,3,0.01,1.84144,0.0,0.0,0.0,0.0,GBPCAD,MACD_Strategy,
1064760660,1303243918,2025-11-05 12:38:34,1762346314548,0,0,0,1303243918,3,0.01,1.41344,0.0,0.0,0.0,0.0,USDCAD,MACD_Strategy,
1064760719,1303243978,2025-11-05 12:38:38,1762346318786,0,0,0,1303243978,3,0.01,1.77168,0.0,0.0,0.0,0.0,EURAUD,MACD_Strategy,
1064762868,1303246451,2025-11-05 12:40:18,1762346418883,1,1,0,1303240706,0,0.64,1.8415599999999999,0.0,0.0,1.81,0.0,GBPCAD,,
1064767962,1303251954,2025-11-05 12:45:00,1762346700653,0,0,10981,1303251954,3,0.01,1.41344,0.0,0.0,0.0,0.0,USDCAD,,
1064793938,1303283112,2025-11-05 13:03:01,1762347781464,0,0,0,1303283112,3,0.01,1.8403399999999999,0.0,0.0,0.0,0.0,GBPCAD,MACD_Strategy,
1064793950,1303283133,2025-11-05 13:03:02,1762347782006,0,0,0,1303283133,3,0.01,0.88192,0.0,0.0,0.0,0.0,EURGBP,MACD_Strategy,
1064793976,1303283158,2025-11-05 13:03:02,1762347782766,0,0,0,1303283158,3,0.01,176.449,0.0,0.0,0.0,0.0,EURJPY,MACD_Strategy,
1064793985,1303283172,2025-11-05 13:03:03,1762347783298,1,0,0,1303283172,3,0.01,200.072,0.0,0.0,0.0,0.0,GBPJPY,MACD_Strategy,
1064794149,1303283356,2025-11-05 13:03:09,1762347789870,0,0,0,1303283356,3,0.01,2.03522,0.0,0.0,0.0,0.0,EURNZD,MACD_Strategy,
1064794159,1303283365,2025-11-05 13:03:10,1762347790456,0,0,0,1303283365,3,0.01,1.14818,0.0,0.0,0.0,0.0,AUDNZD,MACD_Strategy,
1064800255,1303290624,2025-11-05 13:07:45,1762348065130,1,1,0,1303243915,4,0.01,1.8397700000000001,0.0,0.0,-1.18,0.0,GBPCAD,[sl 1.83978],
1064800256,1303290625,2025-11-05 13:07:45,1762348065130,1,1,0,1303283112,4,0.01,1.8397700000000001,0.0,0.0,-0.4,0.0,GBPCAD,[sl 1.83978],
1064807703,1303299557,2025-11-05 13:14:12,1762348452307,0,1,0,1303243908,0,0.01,0.88227,0.0,0.0,-1.55,0.0,EURGBP,,
1064855621,1303357618,2025-11-05 13:56:24,1762350984939,0,1,0,1303283172,4,0.01,200.228,0.0,0.0,-1.02,0.0,GBPJPY,[sl 200.218],
1064900762,1303409785,2025-11-05 14:27:11,1762352831025,1,1,0,1303283365,0,0.01,1.14841,0.0,0.0,0.13,0.0,AUDNZD,,
1064900794,1303409820,2025-11-05 14:27:11,1762352831989,1,1,0,1303243913,0,0.01,1.77286,0.0,0.0,0.83,0.0,EURAUD,,
1064900804,1303409834,2025-11-05 14:27:12,1762352832731,1,1,0,1303243978,0,0.01,1.77286,0.0,0.0,0.76,0.0,EURAUD,,
1064900815,1303409845,2025-11-05 14:27:13,1762352833417,1,1,0,1303283133,0,0.01,0.88111,0.0,0.0,-1.06,0.0,EURGBP,,
1064900831,1303409859,2025-11-05 14:27:14,1762352834390,1,1,0,1303283158,0,0.01,176.56,0.0,0.0,0.72,0.0,EURJPY,,
1064900843,1303409870,2025-11-05 14:27:14,1762352834735,1,1,0,1303283356,0,0.01,2.03602,0.0,0.0,0.45,0.0,EURNZD,,
1064900860,1303409894,2025-11-05 14:27:15,1762352835663,1,1,0,1303243918,0,0.01,1.41308,0.0,0.0,-0.25,0.0,USDCAD,,
1064900871,1303409908,2025-11-05 14:27:16,1762352836383,1,1,0,1303251954,0,0.01,1.41308,0.0,0.0,-0.25,0.0,USDCAD,,
1065013126,1303545434,2025-11-05 15:43:51,1762357431868,0,0,0,1303545434,3,0.01,1.62293,0.0,0.0,0.0,0.0,EURCAD,MACD_Strategy,
1065042103,1303581827,2025-11-05 16:00:47,1762358447914,0,0,0,1303581827,0,0.01,1.62178,0.0,0.0,0.0,0.0,EURCAD,,
1065053387,1303595222,2025-11-05 16:06:22,1762358782784,1,0,0,1303595222,3,0.01,0.8808,0.0,0.0,0.0,0.0,EURGBP,MACD_ATR_Strateg,
1065053604,1303595471,2025-11-05 16:06:31,1762358791665,1,0,0,1303595471,3,0.01,0.88081,0.0,0.0,0.0,0.0,EURGBP,MACD_ATR_Strateg,
1065053781,1303595690,2025-11-05 16:06:39,1762358799726,0,1,0,1303595471,4,0.01,0.88093,0.0,0.0,-0.16,0.0,EURGBP,[sl 0.88094],
1065054234,1303596283,2025-11-05 16:07:01,1762358821325,0,1,0,1303595222,4,0.01,0.88097,0.0,0.0,-0.22,0.0,EURGBP,[sl 0.88097],
1065058789,1303601501,2025-11-05 16:09:39,1762358979924,1,0,0,1303601501,3,0.01,2.00797,0.0,0.0,0.0,0.0,GBPAUD,MACD_ATR_Strateg,
1065067532,1303611539,2025-11-05 16:14:22,1762359262124,0,1,0,1303601501,4,0.01,2.00862,0.0,0.0,-0.42,0.0,GBPAUD,[sl 2.00862],
1065078291,1303624892,2025-11-05 16:21:25,1762359685410,1,0,0,1303624892,3,0.01,0.88137,0.0,0.0,0.0,0.0,EURGBP,MACD_ATR_Strateg,
1065078315,1303624922,2025-11-05 16:21:25,1762359685991,1,0,0,1303624922,3,0.01,1.1480299999999999,0.0,0.0,0.0,0.0,EURUSD,MACD_ATR_Strateg,
1065078330,1303624940,2025-11-05 16:21:26,1762359686533,1,0,0,1303624940,3,0.01,1.3025,0.0,0.0,0.0,0.0,GBPUSD,MACD_ATR_Strateg,
1065078341,1303624957,2025-11-05 16:21:27,1762359687230,0,0,0,1303624957,3,0.01,0.5255,0.0,0.0,0.0,0.0,AUDCHF,MACD_ATR_Strateg,
1065078359,1303624980,2025-11-05 16:21:27,1762359687774,0,0,0,1303624980,3,0.01,0.81039,0.0,0.0,0.0,0.0,USDCHF,MACD_ATR_Strateg,
1065078446,1303625090,2025-11-05 16:21:32,1762359692238,0,0,0,1303625090,3,0.01,0.81038,0.0,0.0,0.0,0.0,USDCHF,MACD_ATR_Strateg,
1065078454,1303625101,2025-11-05 16:21:32,1762359692770,1,0,0,1303625101,3,0.01,1.14808,0.0,0.0,0.0,0.0,EURUSD,MACD_ATR_Strateg,
1065078584,1303625264,2025-11-05 16:21:39,1762359699554,1,0,0,1303625264,3,0.01,1.77046,0.0,0.0,0.0,0.0,EURAUD,MACD_ATR_Strateg,
1065078668,1303625360,2025-11-05 16:21:41,1762359701328,1,1,0,1303581827,0,0.01,1.62303,0.0,0.0,0.88,0.0,EURCAD,,
1065078693,1303625390,2025-11-05 16:21:42,1762359702629,1,1,0,1303545434,0,0.01,1.62303,0.0,0.0,0.07,0.0,EURCAD,,
1065080850,1303627780,2025-11-05 16:22:52,1762359772723,0,1,0,1303624940,4,0.01,1.30273,0.0,0.0,-0.23,0.0,GBPUSD,[sl 1.30272],
1065083865,1303631627,2025-11-05 16:25:10,1762359910326,0,1,0,1303624922,4,0.01,1.14825,0.0,0.0,-0.22,0.0,EURUSD,[sl 1.14825],
1065084107,1303631864,2025-11-05 16:25:11,1762359911520,0,1,0,1303625101,4,0.01,1.14828,0.0,0.0,-0.2,0.0,EURUSD,[sl 1.14828],
1065084520,1303632348,2025-11-05 16:25:19,1762359919920,1,1,0,1303624980,4,0.01,0.81022,0.0,0.0,-0.21,0.0,USDCHF,[sl 0.81022],
1065084622,1303632445,2025-11-05 16:25:21,1762359921133,1,1,0,1303625090,4,0.01,0.81019,0.0,0.0,-0.23,0.0,USDCHF,[sl 0.81021],
1065087659,1303636308,2025-11-05 16:27:41,1762360061939,0,1,0,1303624892,4,0.01,0.88149,0.0,0.0,-0.16,0.0,EURGBP,[sl 0.88151],
1065091394,1303640677,2025-11-05 16:29:19,1762360159393,1,1,0,1303624957,5,0.01,0.52566,0.0,0.0,0.2,0.0,AUDCHF,[tp 0.52566],
1065100989,1303652744,2025-11-05 16:32:46,1762360366467,0,0,0,1303652744,3,0.01,0.6487,0.0,0.0,0.0,0.0,AUDUSD,MACD_ATR_Strateg,
1065101407,1303653241,2025-11-05 16:32:51,1762360371949,0,0,0,1303653241,3,0.01,0.64876,0.0,0.0,0.0,0.0,AUDUSD,MACD_ATR_Strateg,
1065109734,1303663208,2025-11-05 16:36:00,1762360560928,0,1,0,1303625264,5,0.01,1.7699099999999999,0.0,0.0,0.36,0.0,EURAUD,[tp 1.76996],
1065120252,1303675625,2025-11-05 16:39:53,1762360793124,1,1,0,1303653241,0,0.01,0.64906,0.0,0.0,0.3,0.0,AUDUSD,,
1065120378,1303675782,2025-11-05 16:39:57,1762360797289,1,1,0,1303652744,0,0.01,0.64907,0.0,0.0,0.37,0.0,AUDUSD,,
1065128921,1303685500,2025-11-05 16:42:20,1762360940322,0,0,0,1303685500,3,0.01,1.41273,0.0,0.0,0.0,0.0,USDCAD,MACD_ATR_Strateg,
1065135512,1303693282,2025-11-05 16:45:00,1762361100699,1,0,10981,1303693282,3,0.01,1.4126400000000001,0.0,0.0,0.0,0.0,USDCAD,,
1065141899,1303700967,2025-11-05 16:47:16,1762361236674,1,0,0,1303700967,3,0.01,1.14848,0.0,0.0,0.0,0.0,EURUSD,MACD_ATR_Strateg,
1065149923,1303709981,2025-11-05 16:49:27,1762361367151,0,1,0,1303700967,4,0.01,1.1489,0.0,0.0,-0.42,0.0,EURUSD,[sl 1.14890],
1065150173,1303710270,2025-11-05 16:49:33,1762361373520,1,1,0,1303685500,4,0.01,1.41228,0.0,0.0,-0.32,0.0,USDCAD,[sl 1.41229],
1065163241,1303725280,2025-11-05 16:53:45,1762361625530,0,0,0,1303725280,3,0.01,0.93103,0.0,0.0,0.0,0.0,EURCHF,MACD_ATR_Strateg,
1065178683,1303743610,2025-11-05 17:00:00,1762362000434,1,1,0,1303725280,4,0.01,0.93082,0.0,0.0,-0.26,0.0,EURCHF,[sl 0.93068],
1065226797,1303801501,2025-11-05 17:13:44,1762362824884,1,0,0,1303801501,3,0.01,0.88077,0.0,0.0,0.0,0.0,EURGBP,MACD_ATR_Strateg,
1065226802,1303801506,2025-11-05 17:13:45,1762362825634,0,0,0,1303801506,3,0.01,0.64939,0.0,0.0,0.0,0.0,AUDUSD,MACD_ATR_Strateg,
1065228288,1303803255,2025-11-05 17:14:27,1762362867332,0,1,0,1303801501,4,0.01,0.88092,0.0,0.0,-0.2,0.0,EURGBP,[sl 0.88092],
1065228375,1303803375,2025-11-05 17:14:31,1762362871136,1,1,0,1303801506,4,0.01,0.64895,0.0,0.0,-0.44,0.0,AUDUSD,[sl 0.64898],
1065793221,1304464898,2025-11-06 02:14:41,1762395281767,0,1,0,1303693282,1,0.01,1.41067,0.0,-0.22,1.4,0.0,USDCAD,,
1065855525,1304536196,2025-11-06 03:15:00,1762398900635,0,0,10981,1304536196,3,0.01,1.41062,0.0,0.0,0.0,0.0,USDCAD,,
1065868961,1304552735,2025-11-06 03:28:29,1762399709674,0,0,0,1304552735,3,0.01,0.88101,0.0,0.0,0.0,0.0,EURGBP,MACD_ATR_Strateg,
1065869795,1304553690,2025-11-06 03:28:59,1762399739889,0,0,0,1304553690,3,0.01,1.6232199999999999,0.0,0.0,0.0,0.0,EURCAD,MACD_ATR_Strateg,
1065870786,1304554822,2025-11-06 03:29:30,1762399770467,0,0,0,1304554822,3,0.01,1.84256,0.0,0.0,0.0,0.0,GBPCAD,MACD_ATR_Strateg,
1065870815,1304554855,2025-11-06 03:29:32,1762399772282,0,0,0,1304554855,3,0.01,1.62321,0.0,0.0,0.0,0.0,EURCAD,MACD_ATR_Strateg,
1065874999,1304560016,2025-11-06 03:32:01,1762399921144,0,0,0,1304560016,3,0.01,0.65025,0.0,0.0,0.0,0.0,AUDUSD,MACD_ATR_Strateg,
1065875440,1304560602,2025-11-06 03:32:33,1762399953227,0,0,0,1304560602,3,0.01,201.025,0.0,0.0,0.0,0.0,GBPJPY,MACD_ATR_Strateg,
1065875451,1304560633,2025-11-06 03:32:36,1762399956659,0,0,0,1304560633,3,0.01,0.7986,0.0,0.0,0.0,0.0,NZDCAD,MACD_ATR_Strateg,
1065876284,1304561657,2025-11-06 03:33:32,1762400012611,0,0,0,1304561657,3,0.01,177.092,0.0,0.0,0.0,0.0,EURJPY,MACD_ATR_Strateg,
1065879199,1304564997,2025-11-06 03:36:01,1762400161985,0,0,0,1304564997,3,0.01,0.93095,0.0,0.0,0.0,0.0,EURCHF,MACD_ATR_Strateg,
1065880844,1304566880,2025-11-06 03:37:22,1762400242977,1,1,0,1304554822,4,0.01,1.842,0.0,0.0,-0.4,0.0,GBPCAD,[sl 1.84200],
1065881093,1304567188,2025-11-06 03:37:38,1762400258425,0,0,0,1304567188,3,0.01,201.056,0.0,0.0,0.0,0.0,GBPJPY,MACD_ATR_Strateg,
1065883957,1304570595,2025-11-06 03:40:35,1762400435327,1,1,0,1304560633,4,0.01,0.79812,0.0,0.0,-0.34,0.0,NZDCAD,[sl 0.79812],
1065884415,1304571173,2025-11-06 03:41:09,1762400469445,0,0,0,1304571173,3,0.01,1.30627,0.0,0.0,0.0,0.0,GBPUSD,MACD_ATR_Strateg,
1065899806,1304588769,2025-11-06 03:55:49,1762401349732,1,1,0,1304560016,5,0.01,0.65087,0.0,0.0,0.62,0.0,AUDUSD,[tp 0.65083],
1065899910,1304588877,2025-11-06 03:55:53,1762401353837,0,0,0,1304588877,3,0.01,1.15079,0.0,0.0,0.0,0.0,EURUSD,MACD_ATR_Strateg,
1065904187,1304595125,2025-11-06 04:00:10,1762401610335,1,1,0,1304553690,4,0.01,1.62263,0.0,0.0,-0.42,0.0,EURCAD,[sl 1.62263],
1065904218,1304595174,2025-11-06 04:00:11,1762401611557,1,1,0,1304554855,4,0.01,1.6226099999999999,0.0,0.0,-0.43,0.0,EURCAD,[sl 1.62261],
1065904705,1304595819,2025-11-06 04:00:37,1762401637675,0,0,0,1304595819,3,0.01,1.05688,0.0,0.0,0.0,0.0,GBPCHF,MACD_ATR_Strateg,
1065905354,1304596604,2025-11-06 04:01:06,1762401666069,0,0,0,1304596604,3,0.01,2.03188,0.0,0.0,0.0,0.0,EURNZD,MACD_ATR_Strateg,
1065909199,1304600846,2025-11-06 04:03:10,1762401790725,1,1,0,1304567188,4,0.01,200.924,0.0,0.0,-0.86,0.0,GBPJPY,[sl 200.928],
1065909829,1304601478,2025-11-06 04:03:15,1762401795519,1,1,0,1304561657,4,0.01,176.992,0.0,0.0,-0.65,0.0,EURJPY,[sl 176.992],
1065910731,1304602464,2025-11-06 04:03:38,1762401818427,0,0,0,1304602464,3,0.01,1.15087,0.0,0.0,0.0,0.0,EURUSD,MACD_ATR_Strateg,
1065910765,1304602496,2025-11-06 04:03:39,1762401819735,0,0,0,1304602496,3,0.01,0.931,0.0,0.0,0.0,0.0,EURCHF,MACD_ATR_Strateg,
1065916708,1304609809,2025-11-06 04:10:33,1762402233393,1,1,0,1304560602,4,0.01,200.9,0.0,0.0,-0.81,0.0,GBPJPY,[sl 200.901],
1065916756,1304609893,2025-11-06 04:10:43,1762402243010,0,0,0,1304609893,3,0.01,2.30583,0.0,0.0,0.0,0.0,GBPNZD,MACD_ATR_Strateg,
1065917759,1304611132,2025-11-06 04:11:56,1762402316382,1,1,0,1304595819,4,0.01,1.05649,0.0,0.0,-0.48,0.0,GBPCHF,[sl 1.05649],
1065918212,1304611661,2025-11-06 04:12:13,1762402333253,0,0,0,1304611661,3,0.01,1.8415599999999999,0.0,0.0,0.0,0.0,GBPCAD,MACD_ATR_Strateg,
1065921621,1304616039,2025-11-06 04:17:03,1762402623731,1,1,0,1304596604,4,0.01,2.03049,0.0,0.0,-0.79,0.0,EURNZD,[sl 2.03050],
1065923697,1304618540,2025-11-06 04:20:12,1762402812299,0,0,0,1304618540,3,0.01,1.7678099999999999,0.0,0.0,0.0,0.0,EURAUD,MACD_ATR_Strateg,
1065937962,1304635476,2025-11-06 04:35:31,1762403731919,1,1,0,1304618540,4,0.01,1.76653,0.0,0.0,-0.83,0.0,EURAUD,[sl 1.76664],
1065938143,1304635693,2025-11-06 04:35:42,1762403742936,1,0,0,1304635693,3,0.01,2.30496,0.0,0.0,0.0,0.0,GBPNZD,MACD_ATR_Strateg,
1065938163,1304635719,2025-11-06 04:35:44,1762403744933,1,1,0,1304602464,4,0.01,1.1505,0.0,0.0,-0.37,0.0,EURUSD,[sl 1.15050],
1065938200,1304635778,2025-11-06 04:35:48,1762403748647,0,0,0,1304635778,3,0.01,177.108,0.0,0.0,0.0,0.0,EURJPY,MACD_ATR_Strateg,
1065939129,1304636973,2025-11-06 04:36:55,1762403815727,1,1,0,1304588877,4,0.01,1.15044,0.0,0.0,-0.35,0.0,EURUSD,[sl 1.15045],
1065939771,1304637738,2025-11-06 04:37:25,1762403845926,1,1,0,1304571173,4,0.01,1.30594,0.0,0.0,-0.33,0.0,GBPUSD,[sl 1.30594],
1065940051,1304638061,2025-11-06 04:37:48,1762403868147,0,0,0,1304638061,3,0.01,0.88094,0.0,0.0,0.0,0.0,EURGBP,MACD_ATR_Strateg,
1065940937,1304639222,2025-11-06 04:39:21,1762403961197,0,0,0,1304639222,3,0.01,177.116,0.0,0.0,0.0,0.0,EURJPY,MACD_ATR_Strateg,
1065950966,1304651367,2025-11-06 04:50:27,1762404627800,1,1,0,1304564997,0,0.01,0.93103,0.0,0.0,0.1,0.0,EURCHF,,
1065950969,1304651370,2025-11-06 04:50:28,1762404628457,1,1,0,1304602496,0,0.01,0.93103,0.0,0.0,0.04,0.0,EURCHF,,
1065950974,1304651374,2025-11-06 04:50:29,1762404629134,1,1,0,1304552735,0,0.01,0.88093,0.0,0.0,-0.1,0.0,EURGBP,,
1065950977,1304651378,2025-11-06 04:50:30,1762404630093,1,1,0,1304638061,0,0.01,0.88092,0.0,0.0,-0.03,0.0,EURGBP,,
1065950981,1304651384,2025-11-06 04:50:31,1762404631118,1,1,0,1304635778,0,0.01,177.123,0.0,0.0,0.1,0.0,EURJPY,,
1065950993,1304651387,2025-11-06 04:50:32,1762404632565,1,1,0,1304639222,0,0.01,177.122,0.0,0.0,0.04,0.0,EURJPY,,
1065951000,1304651396,2025-11-06 04:50:33,1762404633271,1,1,0,1304611661,0,0.01,1.84128,0.0,0.0,-0.2,0.0,GBPCAD,,
1065951006,1304651405,2025-11-06 04:50:34,1762404634178,1,1,0,1304609893,0,0.01,2.30481,0.0,0.0,-0.58,0.0,GBPNZD,,
1065951009,1304651410,2025-11-06 04:50:34,1762404634890,0,1,0,1304635693,0,0.01,2.30514,0.0,0.0,-0.1,0.0,GBPNZD,,
1065951011,1304651415,2025-11-06 04:50:35,1762404635716,1,1,0,1304536196,0,0.01,1.41036,0.0,0.0,-0.18,0.0,USDCAD,,
1065951176,1304651623,2025-11-06 04:51:00,1762404660615,1,0,10981,1304651623,3,0.01,1.41036,0.0,0.0,0.0,0.0,USDCAD,,
1065956701,1304657120,2025-11-06 04:56:24,1762404984361,0,0,0,1304657120,3,0.01,0.56654,0.0,0.0,0.0,0.0,NZDUSD,MACD_Volatility_,
1065957506,1304657945,2025-11-06 04:56:55,1762405015940,0,0,0,1304657945,3,0.01,0.6509,0.0,0.0,0.0,0.0,AUDUSD,MACD_Volatility_,
1065957909,1304658396,2025-11-06 04:57:27,1762405047028,0,0,0,1304658396,3,0.01,0.91778,0.0,0.0,0.0,0.0,AUDCAD,MACD_Volatility_,
1065957919,1304658411,2025-11-06 04:57:29,1762405049701,0,0,0,1304658411,3,0.01,0.79887,0.0,0.0,0.0,0.0,NZDCAD,MACD_Volatility_,
1065960877,1304662629,2025-11-06 05:00:27,1762405227878,0,0,0,1304662629,3,0.01,1.0571,0.0,0.0,0.0,0.0,GBPCHF,MACD_Volatility_,
1065961112,1304662936,2025-11-06 05:00:57,1762405257854,0,0,0,1304662936,3,0.01,177.133,0.0,0.0,0.0,0.0,EURJPY,MACD_Volatility_,
1065962577,1304664809,2025-11-06 05:03:33,1762405413709,0,0,0,1304664809,3,0.01,2.30577,0.0,0.0,0.0,0.0,GBPNZD,MACD_Volatility_,
1065963195,1304665498,2025-11-06 05:04:26,1762405466861,0,0,0,1304665498,3,0.01,2.03153,0.0,0.0,0.0,0.0,EURNZD,MACD_Volatility_,
1065963573,1304665886,2025-11-06 05:04:58,1762405498841,0,0,0,1304665886,3,0.01,0.88104,0.0,0.0,0.0,0.0,EURGBP,MACD_Volatility_,
1065967778,1304670681,2025-11-06 05:10:48,1762405848927,1,1,0,1304658396,0,0.01,0.91793,0.0,0.0,0.11,0.0,AUDCAD,,
1065969414,1304672501,2025-11-06 05:12:11,1762405931169,1,1,0,1304657945,0,0.01,0.65091,0.0,0.0,0.01,0.0,AUDUSD,,
1065969418,1304672508,2025-11-06 05:12:12,1762405932070,1,1,0,1304665886,0,0.01,0.88086,0.0,0.0,-0.24,0.0,EURGBP,,
1065969424,1304672515,2025-11-06 05:12:12,1762405932792,1,1,0,1304662936,0,0.01,177.076,0.0,0.0,-0.37,0.0,EURJPY,,
1065969426,1304672519,2025-11-06 05:12:13,1762405933416,1,1,0,1304665498,0,0.01,2.03125,0.0,0.0,-0.16,0.0,EURNZD,,
1065969429,1304672524,2025-11-06 05:12:14,1762405934136,1,1,0,1304662629,0,0.01,1.05694,0.0,0.0,-0.2,0.0,GBPCHF,,
1065969434,1304672532,2025-11-06 05:12:15,1762405935417,1,1,0,1304664809,0,0.01,2.3058899999999998,0.0,0.0,0.07,0.0,GBPNZD,,
1065969438,1304672540,2025-11-06 05:12:16,1762405936264,1,1,0,1304658411,0,0.01,0.79859,0.0,0.0,-0.2,0.0,NZDCAD,,
1065969447,1304672551,2025-11-06 05:12:16,1762405936977,1,1,0,1304657120,0,0.01,0.56633,0.0,0.0,-0.21,0.0,NZDUSD,,
1065969452,1304672558,2025-11-06 05:12:17,1762405937760,0,1,0,1304651623,0,0.01,1.41038,0.0,0.0,-0.01,0.0,USDCAD,,
1065970270,1304673653,2025-11-06 05:13:24,1762406004668,0,0,0,1304673653,3,0.01,1.15058,0.0,0.0,0.0,0.0,EURUSD,MACD_Volatility_,
1065970280,1304673666,2025-11-06 05:13:25,1762406005759,1,0,0,1304673666,3,0.01,0.80921,0.0,0.0,0.0,0.0,USDCHF,MACD_Volatility_,
1065970284,1304673671,2025-11-06 05:13:26,1762406006297,0,0,0,1304673671,3,0.01,1.3061099999999999,0.0,0.0,0.0,0.0,GBPUSD,MACD_Volatility_,
1065970839,1304674341,2025-11-06 05:14:26,1762406066412,0,0,0,1304674341,3,0.01,1.62246,0.0,0.0,0.0,0.0,EURCAD,MACD_Volatility_,
1065970873,1304674375,2025-11-06 05:14:29,1762406069117,0,0,0,1304674375,3,0.01,1.84175,0.0,0.0,0.0,0.0,GBPCAD,MACD_Volatility_,
1065971066,1304674602,2025-11-06 05:14:56,1762406096258,0,0,0,1304674602,3,0.01,0.65104,0.0,0.0,0.0,0.0,AUDUSD,MACD_Volatility_,
1065971645,1304675367,2025-11-06 05:15:27,1762406127334,0,0,0,1304675367,3,0.01,0.91802,0.0,0.0,0.0,0.0,AUDCAD,MACD_Volatility_,
1065971652,1304675374,2025-11-06 05:15:29,1762406129265,0,0,0,1304675374,3,0.01,0.79873,0.0,0.0,0.0,0.0,NZDCAD,MACD_Volatility_,
1065971889,1304675627,2025-11-06 05:15:56,1762406156389,0,0,0,1304675627,3,0.01,0.93119,0.0,0.0,0.0,0.0,EURCHF,MACD_Volatility_,
1065975926,1304680526,2025-11-06 05:22:31,1762406551485,1,0,0,1304680526,3,0.01,2.00625,0.0,0.0,0.0,0.0,GBPAUD,MACD_Volatility_,
1066035250,1304751496,2025-11-06 06:56:13,1762412173187,1,0,0,1304751496,3,0.01,1.76685,0.0,0.0,0.0,0.0,EURAUD,MACD_Volatility_,
1066036125,1304752529,2025-11-06 06:57:47,1762412267714,0,0,0,1304752529,3,0.01,0.56652,0.0,0.0,0.0,0.0,NZDUSD,MACD_Volatility_,
1066038791,1304756579,2025-11-06 07:00:19,1762412419347,0,0,0,1304756579,3,0.01,153.982,0.0,0.0,0.0,0.0,USDJPY,MACD_Volatility_,
1066046801,1304765719,2025-11-06 07:10:51,1762413051873,1,0,0,1304765719,3,0.01,1.41044,0.0,0.0,0.0,0.0,USDCAD,MACD_Volatility_,
1066048266,1304767361,2025-11-06 07:12:20,1762413140363,1,1,0,1304756579,4,0.01,153.899,0.0,0.0,-0.54,0.0,USDJPY,[sl 153.899],
1066057193,1304777589,2025-11-06 07:22:55,1762413775303,0,0,0,1304777589,3,0.01,1.0571,0.0,0.0,0.0,0.0,GBPCHF,MACD_Volatility_,
1066057267,1304777665,2025-11-06 07:22:58,1762413778476,1,0,0,1304777665,3,0.01,153.853,0.0,0.0,0.0,0.0,USDJPY,MACD_Volatility_,
1066059734,1304780037,2025-11-06 07:24:25,1762413865650,0,0,0,1304780037,3,0.01,2.0311,0.0,0.0,0.0,0.0,EURNZD,MACD_Volatility_,
1066078438,1304800778,2025-11-06 07:38:45,1762414725329,1,1,0,1304777589,4,0.01,1.05672,0.0,0.0,-0.47,0.0,GBPCHF,[sl 1.05672],
1066081444,1304804174,2025-11-06 07:41:02,1762414862654,0,0,0,1304804174,3,0.01,200.975,0.0,0.0,0.0,0.0,GBPJPY,MACD_Volatility_,
1066084073,1304807155,2025-11-06 07:42:55,1762414975937,1,1,0,1304752529,4,0.01,0.5661,0.0,0.0,-0.42,0.0,NZDUSD,[sl 0.56610],
1066094433,1304818811,2025-11-06 07:51:30,1762415490732,0,1,0,1304751496,4,0.01,1.76809,0.0,0.0,-0.81,0.0,EURAUD,[sl 1.76805],
1066094585,1304818974,2025-11-06 07:51:41,1762415501543,0,0,0,1304818974,3,0.01,2.30713,0.0,0.0,0.0,0.0,GBPNZD,MACD_Volatility_,
1066095631,1304820116,2025-11-06 07:52:43,1762415563421,0,0,0,1304820116,3,0.01,1.76818,0.0,0.0,0.0,0.0,EURAUD,MACD_Volatility_,
1066095961,1304820487,2025-11-06 07:53:07,1762415587775,1,1,0,1304780037,5,0.01,2.03285,0.0,0.0,0.99,0.0,EURNZD,[tp 2.03285],
1066096581,1304821153,2025-11-06 07:53:41,1762415621458,1,0,0,1304821153,3,0.01,0.56597,0.0,0.0,0.0,0.0,NZDUSD,MACD_Volatility_,
1066096819,1304821370,2025-11-06 07:53:50,1762415630133,1,1,0,1304675374,4,0.01,0.79804,0.0,0.0,-0.49,0.0,NZDCAD,[sl 0.79810],
1066103026,1304828136,2025-11-06 07:58:47,1762415927728,1,1,0,1304673653,5,0.01,1.15104,0.0,0.0,0.46,0.0,EURUSD,[tp 1.15100],
1066105801,1304832309,2025-11-06 08:00:23,1762416023986,1,0,0,1304832309,3,0.01,0.79793,0.0,0.0,0.0,0.0,NZDCAD,MACD_Volatility_,
1066109332,1304836144,2025-11-06 08:02:08,1762416128666,0,0,0,1304836144,3,0.01,3464.66,0.0,0.0,0.0,0.0,XAUEUR,MACD_Volatility_,
1066110500,1304837448,2025-11-06 08:02:59,1762416179581,0,0,0,1304837448,3,0.01,1.1511,0.0,0.0,0.0,0.0,EURUSD,MACD_Volatility_,
1066111025,1304838010,2025-11-06 08:03:08,1762416188494,0,0,0,1304838010,3,0.01,3053.6,0.0,0.0,0.0,0.0,XAUGBP,MACD_Volatility_,
1066112693,1304839827,2025-11-06 08:04:01,1762416241333,0,1,0,1304832309,4,0.01,0.79839,0.0,0.0,-0.33,0.0,NZDCAD,[sl 0.79843],
1066113525,1304840721,2025-11-06 08:04:27,1762416267128,0,1,0,1304821153,4,0.01,0.56636,0.0,0.0,-0.39,0.0,NZDUSD,[sl 0.56635],
1066116474,1304843898,2025-11-06 08:06:31,1762416391318,0,1,0,1304765719,5,0.01,1.41001,0.0,0.0,0.3,0.0,USDCAD,[tp 1.41005],
1066116502,1304843928,2025-11-06 08:06:32,1762416392328,1,1,0,1304673671,5,0.01,1.3067,0.0,0.0,0.59,0.0,GBPUSD,[tp 1.30671],
1066119051,1304846771,2025-11-06 08:08:28,1762416508127,1,0,0,1304846771,3,0.01,0.79818,0.0,0.0,0.0,0.0,NZDCAD,MACD_Volatility_,
1066119732,1304847531,2025-11-06 08:09:00,1762416540752,0,0,0,1304847531,3,0.01,2.03319,0.0,0.0,0.0,0.0,EURNZD,MACD_Volatility_,
1066120959,1304848917,2025-11-06 08:10:01,1762416601797,0,0,0,1304848917,3,0.01,0.88107,0.0,0.0,0.0,0.0,EURGBP,MACD_Volatility_,
1066127381,1304856131,2025-11-06 08:15:05,1762416905922,0,0,0,1304856131,3,0.01,177.112,0.0,0.0,0.0,0.0,EURJPY,MACD_Volatility_,
1066128753,1304857634,2025-11-06 08:16:10,1762416970176,0,0,0,1304857634,3,0.01,0.56628,0.0,0.0,0.0,0.0,NZDUSD,MACD_Volatility_,
1066135840,1304865387,2025-11-06 08:22:20,1762417340053,0,0,0,1304865387,0,0.01,3051.94,0.0,0.0,0.0,0.0,XAUGBP,,
1066137079,1304866735,2025-11-06 08:23:19,1762417399969,0,0,0,1304866735,0,0.01,3051.7,0.0,0.0,0.0,0.0,XAUGBP,,
1066141457,1304871486,2025-11-06 08:27:13,1762417633848,1,1,0,1304675367,1,0.01,0.91776,0.0,0.0,-0.18,0.0,AUDCAD,,
1066141458,1304871488,2025-11-06 08:27:13,1762417633869,1,1,0,1304674602,1,0.01,0.65095,0.0,0.0,-0.09,0.0,AUDUSD,,
1066141459,1304871489,2025-11-06 08:27:13,1762417633869,1,1,0,1304820116,1,0.01,1.76817,0.0,0.0,-0.01,0.0,EURAUD,,
1066141460,1304871490,2025-11-06 08:27:13,1762417633870,1,1,0,1304674341,1,0.01,1.62284,0.0,0.0,0.27,0.0,EURCAD,,
1066141461,1304871491,2025-11-06 08:27:13,1762417633870,1,1,0,1304675627,1,0.01,0.93143,0.0,0.0,0.3,0.0,EURCHF,,
1066141462,1304871492,2025-11-06 08:27:13,1762417633870,1,1,0,1304848917,1,0.01,0.88117,0.0,0.0,0.13,0.0,EURGBP,,
1066141463,1304871493,2025-11-06 08:27:13,1762417633871,1,1,0,1304856131,1,0.01,177.15,0.0,0.0,0.25,0.0,EURJPY,,
1066141464,1304871494,2025-11-06 08:27:13,1762417633871,1,1,0,1304847531,1,0.01,2.03325,0.0,0.0,0.03,0.0,EURNZD,,
1066141465,1304871495,2025-11-06 08:27:13,1762417633871,1,1,0,1304837448,1,0.01,1.15106,0.0,0.0,-0.04,0.0,EURUSD,,
1066141466,1304871496,2025-11-06 08:27:13,1762417633871,0,1,0,1304680526,1,0.01,2.00661,0.0,0.0,-0.23,0.0,GBPAUD,,
1066141467,1304871497,2025-11-06 08:27:13,1762417633872,1,1,0,1304674375,1,0.01,1.84157,0.0,0.0,-0.13,0.0,GBPCAD,,
1066141468,1304871498,2025-11-06 08:27:13,1762417633872,1,1,0,1304804174,1,0.01,201.026,0.0,0.0,0.33,0.0,GBPJPY,,
1066141469,1304871499,2025-11-06 08:27:13,1762417633872,1,1,0,1304818974,1,0.01,2.30729,0.0,0.0,0.09,0.0,GBPNZD,,
1066141470,1304871500,2025-11-06 08:27:13,1762417633872,0,1,0,1304846771,1,0.01,0.79821,0.0,0.0,-0.02,0.0,NZDCAD,,
1066141471,1304871501,2025-11-06 08:27:13,1762417633872,1,1,0,1304857634,1,0.01,0.56606,0.0,0.0,-0.22,0.0,NZDUSD,,
1066141472,1304871502,2025-11-06 08:27:13,1762417633872,0,1,0,1304673666,1,0.01,0.80926,0.0,0.0,-0.06,0.0,USDCHF,,
1066141473,1304871503,2025-11-06 08:27:13,1762417633873,0,1,0,1304777665,1,0.01,153.906,0.0,0.0,-0.34,0.0,USDJPY,,
1066141474,1304871504,2025-11-06 08:27:13,1762417633873,1,1,0,1304836144,1,0.01,3465.16,0.0,0.0,0.58,0.0,XAUEUR,,
1066141475,1304871505,2025-11-06 08:27:13,1762417633873,1,1,0,1304838010,1,0.01,3053.6,0.0,0.0,0.0,0.0,XAUGBP,,
1066141476,1304871506,2025-11-06 08:27:13,1762417633873,1,1,0,1304865387,1,0.01,3053.6,0.0,0.0,2.17,0.0,XAUGBP,,
1066141486,1304871516,2025-11-06 08:27:14,1762417634374,1,1,0,1304866735,1,0.01,3053.6,0.0,0.0,2.48,0.0,XAUGBP,,
1066143116,1304873352,2025-11-06 08:28:38,1762417718359,1,0,0,1304873352,3,0.01,87.109,0.0,0.0,0.0,0.0,NZDJPY,MACD_Volatility_,
1066143128,1304873367,2025-11-06 08:28:39,1762417719785,0,0,0,1304873367,3,0.01,2.03346,0.0,0.0,0.0,0.0,EURNZD,MACD_Volatility_,
1066143602,1304873927,2025-11-06 08:29:06,1762417746274,1,0,0,1304873927,3,0.01,0.56599,0.0,0.0,0.0,0.0,NZDUSD,MACD_Volatility_,
1066143816,1304874149,2025-11-06 08:29:10,1762417750667,0,0,0,1304874149,3,0.01,2.30779,0.0,0.0,0.0,0.0,GBPNZD,MACD_Volatility_,
1066147551,1304878434,2025-11-06 08:32:12,1762417932818,0,0,0,1304878434,3,0.01,201.03,0.0,0.0,0.0,0.0,GBPJPY,MACD_Volatility_,
1066149596,1304880669,2025-11-06 08:34:07,1762418047148,0,0,0,1304880669,3,0.01,0.65088,0.0,0.0,0.0,0.0,AUDUSD,MACD_Volatility_,
1066149664,1304880745,2025-11-06 08:34:11,1762418051459,0,0,0,1304880745,3,0.01,1.14989,0.0,0.0,0.0,0.0,AUDNZD,MACD_Volatility_,
1066150069,1304881175,2025-11-06 08:34:39,1762418079982,0,0,0,1304881175,3,0.01,0.52676,0.0,0.0,0.0,0.0,AUDCHF,MACD_Volatility_,
1066150604,1304881818,2025-11-06 08:35:13,1762418113465,0,0,0,1304881818,3,0.01,100.164,0.0,0.0,0.0,0.0,AUDJPY,MACD_Volatility_,
1066151461,1304882744,2025-11-06 08:36:11,1762418171569,1,0,0,1304882744,3,0.01,0.798,0.0,0.0,0.0,0.0,NZDCAD,MACD_Volatility_,
1066152573,1304883924,2025-11-06 08:37:09,1762418229914,0,0,0,1304883924,3,0.01,1.30627,0.0,0.0,0.0,0.0,GBPUSD,MACD_Volatility_,
1066153070,1304884454,2025-11-06 08:37:43,1762418263180,0,0,0,1304884454,3,0.01,0.93154,0.0,0.0,0.0,0.0,EURCHF,MACD_Volatility_,
1066155681,1304887556,2025-11-06 08:40:12,1762418412939,1,0,0,1304887556,3,0.01,0.91758,0.0,0.0,0.0,0.0,AUDCAD,MACD_Volatility_,
1066156274,1304888144,2025-11-06 08:40:42,1762418442976,0,0,0,1304888144,3,0.01,0.88127,0.0,0.0,0.0,0.0,EURGBP,MACD_Volatility_,
1066157566,1304889571,2025-11-06 08:42:14,1762418534025,1,0,0,1304889571,3,0.01,0.45808,0.0,0.0,0.0,0.0,NZDCHF,MACD_Volatility_,
1066157825,1304889846,2025-11-06 08:42:38,1762418558319,1,1,0,1304883924,4,0.01,1.30575,0.0,0.0,-0.52,0.0,GBPUSD,[sl 1.30575],
1066162946,1304895495,2025-11-06 08:46:16,1762418776996,0,0,0,1304895495,3,0.01,1.30592,0.0,0.0,0.0,0.0,GBPUSD,MACD_Volatility_,
1066166084,1304899179,2025-11-06 08:48:15,1762418895911,0,0,0,1304899179,3,0.01,177.191,0.0,0.0,0.0,0.0,EURJPY,MACD_Volatility_,
1066171294,1304904882,2025-11-06 08:51:52,1762419112770,0,0,0,1304904882,3,0.01,1.76802,0.0,0.0,0.0,0.0,EURAUD,MACD_Volatility_,
1066181697,1304916145,2025-11-06 08:58:12,1762419492938,1,1,0,1304895495,4,0.01,1.30538,0.0,0.0,-0.54,0.0,GBPUSD,[sl 1.30538],
1066182568,1304917099,2025-11-06 08:58:49,1762419529047,0,0,0,1304917099,3,0.01,0.8098,0.0,0.0,0.0,0.0,USDCHF,MACD_Volatility_,
1066182699,1304917242,2025-11-06 08:58:57,1762419537549,1,0,0,1304917242,3,0.01,1.30527,0.0,0.0,0.0,0.0,GBPUSD,MACD_Volatility_,
1066186982,1304922805,2025-11-06 09:00:21,1762419621223,1,0,0,1304922805,3,0.01,1.41024,0.0,0.0,0.0,0.0,USDCAD,MACD_Volatility_,
1066188433,1304924304,2025-11-06 09:00:35,1762419635720,1,1,0,1304917099,4,0.01,0.80944,0.0,0.0,-0.44,0.0,USDCHF,[sl 0.80944],
1066189946,1304925918,2025-11-06 09:01:00,1762419660427,1,0,0,1304925918,3,0.01,1.84058,0.0,0.0,0.0,0.0,GBPCAD,MACD_Volatility_,
1066190848,1304926857,2025-11-06 09:01:04,1762419664410,1,1,0,1304884454,4,0.01,0.93128,0.0,0.0,-0.32,0.0,EURCHF,[sl 0.93127],
1066200272,1304937990,2025-11-06 09:06:34,1762419994377,0,0,0,1304937990,3,0.01,0.93156,0.0,0.0,0.0,0.0,EURCHF,MACD_Volatility_,
1066202624,1304940746,2025-11-06 09:08:25,1762420105482,1,0,0,1304940746,3,0.01,0.80933,0.0,0.0,0.0,0.0,USDCHF,MACD_Volatility_,
1066208915,1304948044,2025-11-06 09:13:39,1762420419328,0,1,0,1304917242,4,0.01,1.30583,0.0,0.0,-0.56,0.0,GBPUSD,[sl 1.30583],
1066209110,1304948287,2025-11-06 09:13:54,1762420434979,0,0,0,1304948287,3,0.01,1.15097,0.0,0.0,0.0,0.0,EURUSD,MACD_Volatility_,
1066209706,1304948939,2025-11-06 09:14:22,1762420462955,0,1,0,1304925918,4,0.01,1.84132,0.0,0.0,-0.52,0.0,GBPCAD,[sl 1.84131],
1066231941,1304972895,2025-11-06 09:22:16,1762420936133,1,1,0,1304888144,4,0.01,0.88097,0.0,0.0,-0.39,0.0,EURGBP,[sl 0.88096],
1066240979,1304982905,2025-11-06 09:27:28,1762421248688,1,0,0,1304982905,3,0.01,153.893,0.0,0.0,0.0,0.0,USDJPY,MACD_Volatility_,
1066243387,1304985564,2025-11-06 09:29:16,1762421356328,0,1,0,1304922805,5,0.01,1.4098,0.0,0.0,0.31,0.0,USDCAD,[tp 1.40978],
1066245033,1304987702,2025-11-06 09:30:08,1762421408334,1,1,0,1304937990,4,0.01,0.93122,0.0,0.0,-0.42,0.0,EURCHF,[sl 0.93122],
1066245711,1304988530,2025-11-06 09:30:36,1762421436750,0,0,0,1304988530,3,0.01,0.88098,0.0,0.0,0.0,0.0,EURGBP,MACD_Volatility_,
1066253238,1304996948,2025-11-06 09:35:59,1762421759144,1,1,0,1304899179,4,0.01,177.074,0.0,0.0,-0.76,0.0,EURJPY,[sl 177.076],
1066254856,1304998798,2025-11-06 09:37:10,1762421830550,1,1,0,1304880745,5,0.01,1.15077,0.0,0.0,0.5,0.0,AUDNZD,[tp 1.15070],
1066255428,1304999368,2025-11-06 09:37:25,1762421845948,0,1,0,1304889571,5,0.01,0.45763,0.0,0.0,0.56,0.0,NZDCHF,[tp 0.45763],
1066258764,1305003051,2025-11-06 09:39:48,1762421988894,0,0,0,1305003051,3,0.01,1.30652,0.0,0.0,0.0,0.0,GBPUSD,MACD_Volatility_,
1066263474,1305008094,2025-11-06 09:42:09,1762422129523,0,0,0,1305008094,3,0.01,177.055,0.0,0.0,0.0,0.0,EURJPY,MACD_Volatility_,
1066264215,1305009009,2025-11-06 09:42:45,1762422165447,0,0,0,1305009009,3,0.01,1.15084,0.0,0.0,0.0,0.0,AUDNZD,MACD_Volatility_,
1066264325,1305009131,2025-11-06 09:42:49,1762422169528,1,0,0,1305009131,3,0.01,0.93093,0.0,0.0,0.0,0.0,EURCHF,MACD_Volatility_,
1066264811,1305009722,2025-11-06 09:43:17,1762422197328,0,1,0,1304940746,5,0.01,0.80881,0.0,0.0,0.64,0.0,USDCHF,[tp 0.80880],
1066265200,1305010177,2025-11-06 09:43:39,1762422219551,1,1,0,1304878434,4,0.01,200.899,0.0,0.0,-0.85,0.0,GBPJPY,[sl 200.903],
1066268478,1305014551,2025-11-06 09:46:51,1762422411692,1,0,0,1305014551,3,0.01,1.8412899999999999,0.0,0.0,0.0,0.0,GBPCAD,MACD_Volatility_,
1066273992,1305021094,2025-11-06 09:51:12,1762422672465,1,0,0,1305021094,3,0.01,0.80877,0.0,0.0,0.0,0.0,USDCHF,MACD_Volatility_,
1066277916,1305025752,2025-11-06 09:55:44,1762422944521,0,1,0,1304887556,4,0.01,0.91817,0.0,0.0,-0.42,0.0,AUDCAD,[sl 0.91815],
1066279907,1305028154,2025-11-06 09:58:02,1762423082948,0,1,0,1305009131,4,0.01,0.93124,0.0,0.0,-0.38,0.0,EURCHF,[sl 0.93124],
1066280928,1305029361,2025-11-06 09:59:20,1762423160820,1,0,0,1305029361,3,0.01,1.05668,0.0,0.0,0.0,0.0,GBPCHF,MACD_Volatility_,
1066281402,1305029926,2025-11-06 09:59:57,1762423197651,1,0,0,1305029926,3,0.01,0.93094,0.0,0.0,0.0,0.0,EURCHF,MACD_Volatility_,
1066282801,1305032530,2025-11-06 10:00:18,1762423218632,1,0,0,1305032530,3,0.01,0.45767,0.0,0.0,0.0,0.0,NZDCHF,MACD_Volatility_,
1066283802,1305033818,2025-11-06 10:00:56,1762423256334,1,1,0,1305009009,4,0.01,1.1502,0.0,0.0,-0.36,0.0,AUDNZD,[sl 1.15018],
1066288539,1305039046,2025-11-06 10:03:44,1762423424716,0,1,0,1304982905,5,0.01,153.746,0.0,0.0,0.96,0.0,USDJPY,[tp 153.746],
1066289355,1305039954,2025-11-06 10:04:08,1762423448129,0,1,0,1304873352,5,0.01,86.987,0.0,0.0,0.79,0.0,NZDJPY,[tp 86.990],
1066289370,1305039968,2025-11-06 10:04:08,1762423448159,1,1,0,1304881818,4,0.01,100.072,0.0,0.0,-0.6,0.0,AUDJPY,[sl 100.072],
1066290122,1305040737,2025-11-06 10:04:25,1762423465511,0,0,0,1305040737,3,0.01,1.15085,0.0,0.0,0.0,0.0,AUDNZD,MACD_Volatility_,
1066292275,1305043269,2025-11-06 10:05:43,1762423543139,0,1,0,1305014551,4,0.01,1.84234,0.0,0.0,-0.74,0.0,GBPCAD,[sl 1.84236],
1066293006,1305044142,2025-11-06 10:06:16,1762423576330,0,1,0,1305029926,4,0.01,0.9313,0.0,0.0,-0.45,0.0,EURCHF,[sl 0.93130],
1066293293,1305044470,2025-11-06 10:06:29,1762423589228,1,1,0,1304874149,5,0.01,2.30966,0.0,0.0,1.06,0.0,GBPNZD,[tp 2.30960],
1066293984,1305045269,2025-11-06 10:06:47,1762423607854,1,0,0,1305045269,3,0.01,1.41018,0.0,0.0,0.0,0.0,USDCAD,MACD_Volatility_,
1066296313,1305048350,2025-11-06 10:08:55,1762423735314,1,0,0,1305048350,3,0.01,2.00623,0.0,0.0,0.0,0.0,GBPAUD,MACD_Volatility_,
1066300410,1305053292,2025-11-06 10:12:07,1762423927523,1,1,0,1304873367,5,0.01,2.03533,0.0,0.0,1.06,0.0,EURNZD,[tp 2.03524],
1066302219,1305055780,2025-11-06 10:13:34,1762424014782,0,0,0,1305055780,3,0.01,1.8422800000000001,0.0,0.0,0.0,0.0,GBPCAD,MACD_Volatility_,
1066303650,1305057624,2025-11-06 10:14:32,1762424072051,1,0,0,1305057624,3,0.01,86.944,0.0,0.0,0.0,0.0,NZDJPY,MACD_Volatility_,
1066306641,1305061169,2025-11-06 10:15:33,1762424133632,1,0,0,1305061169,3,0.01,200.817,0.0,0.0,0.0,0.0,GBPJPY,MACD_Volatility_,
1066307564,1305062352,2025-11-06 10:16:03,1762424163579,0,0,0,1305062352,3,0.01,2.03581,0.0,0.0,0.0,0.0,EURNZD,MACD_Volatility_,
1066310035,1305065262,2025-11-06 10:17:19,1762424239638,1,0,0,1305065262,3,0.01,153.732,0.0,0.0,0.0,0.0,USDJPY,MACD_Volatility_,
1066315296,1305071474,2025-11-06 10:19:53,1762424393726,0,1,0,1304882744,5,0.01,0.79723,0.0,0.0,0.55,0.0,NZDCAD,[tp 0.79724],
1066315665,1305071962,2025-11-06 10:20:00,1762424400478,1,0,0,1305071962,3,0.01,0.7971,0.0,0.0,0.0,0.0,NZDCAD,MACD_Volatility_,
1066316324,1305073045,2025-11-06 10:20:17,1762424417732,0,1,0,1305021094,4,0.01,0.80921,0.0,0.0,-0.54,0.0,USDCHF,[sl 0.80920],
1066317065,1305073924,2025-11-06 10:20:55,1762424455528,1,1,0,1305008094,4,0.01,176.949,0.0,0.0,-0.69,0.0,EURJPY,[sl 176.952],
1066317119,1305073986,2025-11-06 10:20:58,1762424458333,1,0,0,1305073986,3,0.01,176.939,0.0,0.0,0.0,0.0,EURJPY,MACD_Volatility_,
1066317408,1305074379,2025-11-06 10:21:12,1762424472340,0,1,0,1305029361,4,0.01,1.05735,0.0,0.0,-0.83,0.0,GBPCHF,[sl 1.05733],
1066320694,1305078315,2025-11-06 10:24:28,1762424668482,1,0,0,1305078315,3,0.01,0.80915,0.0,0.0,0.0,0.0,USDCHF,MACD_Volatility_,
1066320696,1305078322,2025-11-06 10:24:28,1762424668522,0,1,0,1305048350,4,0.01,2.00782,0.0,0.0,-1.03,0.0,GBPAUD,[sl 2.00786],
1066320742,1305078366,2025-11-06 10:24:30,1762424670206,0,0,0,1305078366,3,0.01,1.6231200000000001,0.0,0.0,0.0,0.0,EURCAD,MACD_Volatility_,
1066327024,1305085552,2025-11-06 10:28:09,1762424889770,1,0,0,1305085552,3,0.01,100.006,0.0,0.0,0.0,0.0,AUDJPY,MACD_Volatility_,
1066338722,1305099936,2025-11-06 10:35:50,1762425350727,0,1,0,1305078315,4,0.01,0.80967,0.0,0.0,-0.64,0.0,USDCHF,[sl 0.80966],
1066340575,1305102047,2025-11-06 10:37:17,1762425437716,1,1,0,1304880669,4,0.01,0.65041,0.0,0.0,-0.47,0.0,AUDUSD,[sl 0.65040],
1066340721,1305102200,2025-11-06 10:37:24,1762425444321,0,1,0,1304873927,5,0.01,0.56542,0.0,0.0,0.57,0.0,NZDUSD,[tp 0.56542],
1066341410,1305103030,2025-11-06 10:38:12,1762425492566,0,0,0,1305103030,3,0.01,2.31098,0.0,0.0,0.0,0.0,GBPNZD,MACD_Volatility_,
1066347526,1305110274,2025-11-06 10:44:19,1762425859532,0,0,0,1305110274,3,0.01,0.93196,0.0,0.0,0.0,0.0,EURCHF,MACD_Volatility_,
1066349923,1305113091,2025-11-06 10:45:13,1762425913221,0,0,0,1305113091,3,0.01,2.00853,0.0,0.0,0.0,0.0,GBPAUD,MACD_Volatility_,
1066355749,1305120138,2025-11-06 10:50:15,1762426215926,1,1,0,1304988530,4,0.01,0.88058,0.0,0.0,-0.52,0.0,EURGBP,[sl 0.88058],
1066357410,1305122104,2025-11-06 10:51:46,1762426306186,0,0,0,1305122104,3,0.01,1.05814,0.0,0.0,0.0,0.0,GBPCHF,MACD_Volatility_,
1066360314,1305125291,2025-11-06 10:53:56,1762426436323,0,1,0,1305071962,4,0.01,0.79778,0.0,0.0,-0.48,0.0,NZDCAD,[sl 0.79775],
1066361529,1305126649,2025-11-06 10:54:37,1762426477524,1,1,0,1305110274,4,0.01,0.93144,0.0,0.0,-0.64,0.0,EURCHF,[sl 0.93144],
1066362094,1305127324,2025-11-06 10:55:01,1762426501929,1,1,0,1305062352,4,0.01,2.03394,0.0,0.0,-1.06,0.0,EURNZD,[sl 2.03397],
1066362775,1305128060,2025-11-06 10:55:38,1762426538580,0,1,0,1305032530,4,0.01,0.45809,0.0,0.0,-0.52,0.0,NZDCHF,[sl 0.45809],
1066363267,1305128638,2025-11-06 10:56:09,1762426569528,1,1,0,1305003051,5,0.01,1.30781,0.0,0.0,1.29,0.0,GBPUSD,[tp 1.30780],
1066363679,1305129039,2025-11-06 10:56:23,1762426583970,1,1,0,1304948287,5,0.01,1.15163,0.0,0.0,0.66,0.0,EURUSD,[tp 1.15161],
1066363754,1305129135,2025-11-06 10:56:24,1762426584324,1,1,0,1305040737,4,0.01,1.15005,0.0,0.0,-0.45,0.0,AUDNZD,[sl 1.15005],
1066367890,1305133610,2025-11-06 10:57:44,1762426664931,1,1,0,1305055780,5,0.01,1.84422,0.0,0.0,1.38,0.0,GBPCAD,[tp 1.84422],
1066371184,1305137448,2025-11-06 10:59:18,1762426758862,1,0,0,1305137448,3,0.01,0.45789,0.0,0.0,0.0,0.0,NZDCHF,MACD_Volatility_,
1066371480,1305137826,2025-11-06 10:59:37,1762426777926,0,1,0,1305045269,5,0.01,1.40942,0.0,0.0,0.54,0.0,USDCAD,[tp 1.40941],
1066373525,1305141452,2025-11-06 11:00:15,1762426815133,1,1,0,1305103030,4,0.01,2.30916,0.0,0.0,-1.03,0.0,GBPNZD,[sl 2.30912],
1066373996,1305142039,2025-11-06 11:00:30,1762426830325,0,0,0,1305142039,3,0.01,0.93158,0.0,0.0,0.0,0.0,EURCHF,MACD_Volatility_,
1066375030,1305143485,2025-11-06 11:01:24,1762426884589,0,0,0,1305143485,3,0.01,1.1503,0.0,0.0,0.0,0.0,AUDNZD,MACD_Volatility_,
1066376169,1305144908,2025-11-06 11:02:28,1762426948386,0,0,0,1305144908,3,0.01,2.03416,0.0,0.0,0.0,0.0,EURNZD,MACD_Volatility_,
1066377270,1305146239,2025-11-06 11:03:27,1762427007075,0,0,0,1305146239,3,0.01,2.3099,0.0,0.0,0.0,0.0,GBPNZD,MACD_Volatility_,
1066377306,1305146276,2025-11-06 11:03:28,1762427008518,0,1,0,1305061169,4,0.01,201.008,0.0,0.0,-1.24,0.0,GBPJPY,[sl 200.999],
1066385112,1305155652,2025-11-06 11:09:29,1762427369927,0,1,0,1305085552,4,0.01,100.125,0.0,0.0,-0.77,0.0,AUDJPY,[sl 100.124],
1066391508,1305163573,2025-11-06 11:15:05,1762427705673,0,0,0,1305163573,3,0.01,1.84389,0.0,0.0,0.0,0.0,GBPCAD,MACD_Volatility_,
1066393002,1305165286,2025-11-06 11:16:25,1762427785308,1,0,0,1305165286,3,0.01,0.88023,0.0,0.0,0.0,0.0,EURGBP,MACD_Volatility_,
1066395992,1305168735,2025-11-06 11:19:21,1762427961709,1,0,0,1305168735,3,0.01,1.40957,0.0,0.0,0.0,0.0,USDCAD,MACD_Volatility_,
1066398536,1305171635,2025-11-06 11:21:21,1762428081550,0,0,0,1305171635,3,0.01,0.65139,0.0,0.0,0.0,0.0,AUDUSD,MACD_Volatility_,
1066400905,1305174301,2025-11-06 11:23:27,1762428207767,1,0,0,1305174301,3,0.01,0.80893,0.0,0.0,0.0,0.0,USDCHF,MACD_Volatility_,
1066401851,1305175423,2025-11-06 11:24:37,1762428277729,0,0,0,1305175423,3,0.01,1.30801,0.0,0.0,0.0,0.0,GBPUSD,MACD_Volatility_,
1066402711,1305176546,2025-11-06 11:25:11,1762428311468,0,0,0,1305176546,3,0.01,100.152,0.0,0.0,0.0,0.0,AUDJPY,MACD_Volatility_,
1066405557,1305179956,2025-11-06 11:28:30,1762428510357,0,1,0,1305057624,4,0.01,87.053,0.0,0.0,-0.71,0.0,NZDJPY,[sl 87.050],
1066408652,1305183805,2025-11-06 11:31:45,1762428705728,1,1,0,1305113091,4,0.01,2.00709,0.0,0.0,-0.94,0.0,GBPAUD,[sl 2.00703],
1066410729,1305186252,2025-11-06 11:34:10,1762428850957,1,0,0,1305186252,3,0.01,87.034,0.0,0.0,0.0,0.0,NZDJPY,MACD_Volatility_,
1066412525,1305188410,2025-11-06 11:36:11,1762428971731,0,0,0,1305188410,3,0.01,2.00754,0.0,0.0,0.0,0.0,GBPAUD,MACD_Volatility_,
1066485570,1305271410,2025-11-06 12:37:35,1762432655937,0,1,0,1305073986,4,0.01,177.074,0.0,0.0,-0.88,0.0,EURJPY,[sl 177.074],
1066493418,1305280107,2025-11-06 12:43:10,1762432990335,0,0,0,1305280107,3,0.01,177.073,0.0,0.0,0.0,0.0,EURJPY,MACD_Volatility_,
1066494876,1305281734,2025-11-06 12:44:21,1762433061526,1,1,0,1305188410,5,0.01,2.00969,0.0,0.0,1.4,0.0,GBPAUD,[tp 2.00967],
1066499320,1305287046,2025-11-06 12:48:13,1762433293338,1,1,0,1305171635,4,0.01,0.65079,0.0,0.0,-0.6,0.0,AUDUSD,[sl 0.65078],
1066508363,1305297286,2025-11-06 12:57:10,1762433830537,1,1,0,1305176546,4,0.01,100.044,0.0,0.0,-0.7,0.0,AUDJPY,[sl 100.043],
1066508656,1305297602,2025-11-06 12:57:28,1762433848919,1,1,0,1305280107,4,0.01,176.974,0.0,0.0,-0.64,0.0,EURJPY,[sl 176.974],
1066508967,1305297946,2025-11-06 12:57:55,1762433875362,0,0,0,1305297946,3,0.01,2.01019,0.0,0.0,0.0,0.0,GBPAUD,MACD_Volatility_,
1066521287,1305312919,2025-11-06 13:07:16,1762434436330,1,0,0,1305312919,3,0.01,0.6507,0.0,0.0,0.0,0.0,AUDUSD,MACD_Volatility_,
1066528461,1305321495,2025-11-06 13:14:53,1762434893298,1,0,0,1305321495,3,0.01,0.91729,0.0,0.0,0.0,0.0,AUDCAD,MACD_Volatility_,
1066532198,1305325903,2025-11-06 13:18:22,1762435102539,1,1,0,1305146239,5,0.01,2.31252,0.0,0.0,1.48,0.0,GBPNZD,[tp 2.31250],
1066538668,1305333242,2025-11-06 13:24:44,1762435484349,1,0,0,1305333242,3,0.01,100.056,0.0,0.0,0.0,0.0,AUDJPY,MACD_Volatility_,
1066546017,1305341734,2025-11-06 13:30:27,1762435827305,1,0,0,1305341734,3,0.01,0.56574,0.0,0.0,0.0,0.0,NZDUSD,MACD_Volatility_,
1066552289,1305348413,2025-11-06 13:34:10,1762436050571,1,1,0,1304904882,5,0.01,1.76953,0.0,0.0,0.98,0.0,EURAUD,[tp 1.76956],
1066554321,1305350649,2025-11-06 13:35:19,1762436119590,1,1,0,1304881175,4,0.01,0.52631,0.0,0.0,-0.56,0.0,AUDCHF,[sl 0.52632],
1066559804,1305356476,2025-11-06 13:38:07,1762436287014,1,0,0,1305356476,3,0.01,176.949,0.0,0.0,0.0,0.0,EURJPY,MACD_Volatility_,
1066562841,1305359916,2025-11-06 13:39:41,1762436381897,0,0,0,1305359916,3,0.01,1.77019,0.0,0.0,0.0,0.0,EURAUD,MACD_Volatility_,
1066572958,1305371287,2025-11-06 13:46:35,1762436795360,0,1,0,1305321495,1,0.01,0.91729,0.0,0.0,0.0,0.0,AUDCAD,,
1066572959,1305371288,2025-11-06 13:46:35,1762436795370,0,1,0,1305333242,1,0.01,99.992,0.0,0.0,0.42,0.0,AUDJPY,,
1066572960,1305371289,2025-11-06 13:46:35,1762436795370,1,1,0,1305143485,1,0.01,1.15015,0.0,0.0,-0.08,0.0,AUDNZD,,
1066572961,1305371290,2025-11-06 13:46:35,1762436795370,0,1,0,1305312919,1,0.01,0.65084,0.0,0.0,-0.14,0.0,AUDUSD,,
1066572962,1305371291,2025-11-06 13:46:35,1762436795370,1,1,0,1305359916,1,0.01,1.77006,0.0,0.0,-0.08,0.0,EURAUD,,
1066572963,1305371292,2025-11-06 13:46:35,1762436795371,1,1,0,1305078366,1,0.01,1.62355,0.0,0.0,0.31,0.0,EURCAD,,
1066572964,1305371293,2025-11-06 13:46:35,1762436795371,1,1,0,1305142039,1,0.01,0.93154,0.0,0.0,-0.05,0.0,EURCHF,,
1066572965,1305371294,2025-11-06 13:46:35,1762436795371,0,1,0,1305165286,1,0.01,0.8799,0.0,0.0,0.43,0.0,EURGBP,,
1066572966,1305371295,2025-11-06 13:46:35,1762436795371,0,1,0,1305356476,1,0.01,176.994,0.0,0.0,-0.29,0.0,EURJPY,,
1066572967,1305371296,2025-11-06 13:46:35,1762436795372,1,1,0,1305144908,1,0.01,2.03594,0.0,0.0,1.01,0.0,EURNZD,,
1066572968,1305371297,2025-11-06 13:46:35,1762436795372,1,1,0,1305297946,1,0.01,2.0118,0.0,0.0,1.05,0.0,GBPAUD,,
1066572969,1305371298,2025-11-06 13:46:35,1762436795372,1,1,0,1305163573,1,0.01,1.8452899999999999,0.0,0.0,0.99,0.0,GBPCAD,,
1066572970,1305371299,2025-11-06 13:46:35,1762436795372,1,1,0,1305122104,1,0.01,1.05878,0.0,0.0,0.79,0.0,GBPCHF,,
1066572971,1305371300,2025-11-06 13:46:35,1762436795372,1,1,0,1305175423,1,0.01,1.30928,0.0,0.0,1.27,0.0,GBPUSD,,
1066572972,1305371301,2025-11-06 13:46:35,1762436795373,0,1,0,1305137448,1,0.01,0.45762,0.0,0.0,0.33,0.0,NZDCHF,,
1066572973,1305371302,2025-11-06 13:46:35,1762436795373,0,1,0,1305186252,1,0.01,86.934,0.0,0.0,0.65,0.0,NZDJPY,,
1066572974,1305371303,2025-11-06 13:46:35,1762436795373,0,1,0,1305341734,1,0.01,0.56586,0.0,0.0,-0.12,0.0,NZDUSD,,
1066572975,1305371304,2025-11-06 13:46:35,1762436795373,0,1,0,1305168735,1,0.01,1.40967,0.0,0.0,-0.07,0.0,USDCAD,,
1066572976,1305371305,2025-11-06 13:46:35,1762436795373,0,1,0,1305174301,1,0.01,0.80874,0.0,0.0,0.23,0.0,USDCHF,,
1066572977,1305371306,2025-11-06 13:46:35,1762436795374,0,1,0,1305065262,1,0.01,153.64,0.0,0.0,0.6,0.0,USDJPY,,
1066573277,1305371641,2025-11-06 13:46:48,1762436808130,0,0,0,1305371641,3,0.01,201.175,0.0,0.0,0.0,0.0,GBPJPY,MACD_Volatility_,
1066573472,1305371932,2025-11-06 13:47:07,1762436827113,1,0,0,1305371932,3,0.01,0.91711,0.0,0.0,0.0,0.0,AUDCAD,MACD_Volatility_,
1066573548,1305372050,2025-11-06 13:47:19,1762436839053,0,0,0,1305372050,3,0.01,2.03617,0.0,0.0,0.0,0.0,EURNZD,MACD_Volatility_,
1066573704,1305372266,2025-11-06 13:47:40,1762436860260,1,0,0,1305372266,3,0.01,0.87969,0.0,0.0,0.0,0.0,EURGBP,MACD_Volatility_,
1066574649,1305373317,2025-11-06 13:48:16,1762436896459,0,0,0,1305373317,3,0.01,1.77046,0.0,0.0,0.0,0.0,EURAUD,MACD_Volatility_,
1066583541,1305383751,2025-11-06 13:55:12,1762437312910,1,0,0,1305383751,3,0.01,0.45745,0.0,0.0,0.0,0.0,NZDCHF,MACD_Volatility_,
1066583635,1305383857,2025-11-06 13:55:21,1762437321040,0,0,0,1305383857,3,0.01,2.31422,0.0,0.0,0.0,0.0,GBPNZD,MACD_Volatility_,
1066583651,1305383875,2025-11-06 13:55:22,1762437322897,0,0,0,1305383875,3,0.01,2.01202,0.0,0.0,0.0,0.0,GBPAUD,MACD_Volatility_,
1066584074,1305384328,2025-11-06 13:55:53,1762437353990,0,0,0,1305384328,3,0.01,1.8454000000000002,0.0,0.0,0.0,0.0,GBPCAD,MACD_Volatility_,
1066584976,1305385370,2025-11-06 13:56:43,1762437403239,0,0,0,1305385370,3,0.01,1.6234600000000001,0.0,0.0,0.0,0.0,EURCAD,MACD_Volatility_,
1066585877,1305386455,2025-11-06 13:58:21,1762437501849,1,0,0,1305386455,3,0.01,86.934,0.0,0.0,0.0,0.0,NZDJPY,MACD_Volatility_,
1066585926,1305386511,2025-11-06 13:58:27,1762437507677,1,0,0,1305386511,3,0.01,99.983,0.0,0.0,0.0,0.0,AUDJPY,MACD_Volatility_,
1066586433,1305387083,2025-11-06 13:59:11,1762437551170,1,0,0,1305387083,3,0.01,0.52621,0.0,0.0,0.0,0.0,AUDCHF,MACD_Volatility_,
1066587972,1305389927,2025-11-06 14:00:10,1762437610534,1,1,0,1305383857,4,0.01,2.31272,0.0,0.0,-0.85,0.0,GBPNZD,[sl 2.31211],
1066588258,1305390239,2025-11-06 14:00:17,1762437617142,0,1,0,1305372266,4,0.01,0.88032,0.0,0.0,-0.82,0.0,EURGBP,[sl 0.88024],
1066588266,1305390246,2025-11-06 14:00:17,1762437617253,1,0,0,1305390246,3,0.01,176.971,0.0,0.0,0.0,0.0,EURJPY,MACD_Volatility_,
1066588331,1305390305,2025-11-06 14:00:17,1762437617343,1,1,0,1305383875,4,0.01,2.01031,0.0,0.0,-1.11,0.0,GBPAUD,[sl 2.01032],
1066588374,1305390363,2025-11-06 14:00:17,1762437617833,1,1,0,1305371641,4,0.01,201.0,0.0,0.0,-1.1400000000000001,0.0,GBPJPY,[sl 201.012],
1066588439,1305390376,2025-11-06 14:00:17,1762437617899,1,1,0,1305384328,4,0.01,1.8439100000000002,0.0,0.0,-1.06,0.0,GBPCAD,[sl 1.84399],
1066588937,1305390925,2025-11-06 14:00:21,1762437621739,0,0,0,1305390925,3,0.01,1.15017,0.0,0.0,0.0,0.0,AUDNZD,MACD_Volatility_,
1066589424,1305391427,2025-11-06 14:00:27,1762437627076,1,0,0,1305391427,3,0.01,1.84272,0.0,0.0,0.0,0.0,GBPCAD,MACD_Volatility_,
1066594443,1305396824,2025-11-06 14:02:23,1762437743337,1,1,0,1305373317,4,0.01,1.7692700000000001,0.0,0.0,-0.77,0.0,EURAUD,[sl 1.76928],
1066601580,1305405222,2025-11-06 14:05:33,1762437933931,0,1,0,1305371932,4,0.01,0.91768,0.0,0.0,-0.4,0.0,AUDCAD,[sl 0.91770],
1066601953,1305405613,2025-11-06 14:05:44,1762437944458,1,0,0,1305405613,3,0.01,0.80866,0.0,0.0,0.0,0.0,USDCHF,MACD_Volatility_,
1066604561,1305408600,2025-11-06 14:07:57,1762438077247,0,0,0,1305408600,3,0.01,1.30713,0.0,0.0,0.0,0.0,GBPUSD,MACD_Volatility_,
1066604596,1305408638,2025-11-06 14:07:58,1762438078318,0,0,0,1305408638,3,0.01,2.30946,0.0,0.0,0.0,0.0,GBPNZD,MACD_Volatility_,
1066604854,1305408951,2025-11-06 14:08:06,1762438086890,1,0,0,1305408951,3,0.01,153.644,0.0,0.0,0.0,0.0,USDJPY,MACD_Volatility_,
1066605234,1305409377,2025-11-06 14:08:25,1762438105208,0,0,0,1305409377,3,0.01,1.7695400000000001,0.0,0.0,0.0,0.0,EURAUD,MACD_Volatility_,
1066608992,1305413587,2025-11-06 14:10:16,1762438216985,1,0,0,1305413587,3,0.01,0.91757,0.0,0.0,0.0,0.0,AUDCAD,MACD_Volatility_,
1066611517,1305416990,2025-11-06 14:13:13,1762438393138,0,1,0,1305386511,4,0.01,100.07,0.0,0.0,-0.57,0.0,AUDJPY,[sl 100.070],
1066611936,1305417459,2025-11-06 14:13:32,1762438412748,1,0,0,1305417459,3,0.01,0.93108,0.0,0.0,0.0,0.0,EURCHF,MACD_Volatility_,
1066615235,1305421522,2025-11-06 14:16:06,1762438566095,1,0,0,1305421522,3,0.01,100.051,0.0,0.0,0.0,0.0,AUDJPY,MACD_Volatility_,
1066620378,1305427526,2025-11-06 14:22:02,1762438922745,0,1,0,1305387083,4,0.01,0.52663,0.0,0.0,-0.52,0.0,AUDCHF,[sl 0.52663],
1066621947,1305429179,2025-11-06 14:23:00,1762438980335,0,1,0,1305383751,4,0.01,0.45783,0.0,0.0,-0.47,0.0,NZDCHF,[sl 0.45783],
1066622417,1305429760,2025-11-06 14:23:31,1762439011122,0,1,0,1305386455,4,0.01,87.012,0.0,0.0,-0.51,0.0,NZDJPY,[sl 87.013],
1066622491,1305429847,2025-11-06 14:23:36,1762439016533,1,1,0,1305372050,4,0.01,2.03468,0.0,0.0,-0.84,0.0,EURNZD,[sl 2.03471],
1066623803,1305431359,2025-11-06 14:24:53,1762439093178,1,0,0,1305431359,3,0.01,0.52648,0.0,0.0,0.0,0.0,AUDCHF,MACD_Volatility_,
1066624084,1305431764,2025-11-06 14:25:04,1762439104065,1,0,0,1305431764,3,0.01,86.999,0.0,0.0,0.0,0.0,NZDJPY,MACD_Volatility_,
1066624097,1305431788,2025-11-06 14:25:04,1762439104950,0,0,0,1305431788,3,0.01,2.03507,0.0,0.0,0.0,0.0,EURNZD,MACD_Volatility_,
1066624445,1305432191,2025-11-06 14:25:25,1762439125515,1,0,0,1305432191,3,0.01,0.45763,0.0,0.0,0.0,0.0,NZDCHF,MACD_Volatility_,
1066625195,1305433020,2025-11-06 14:26:04,1762439164119,0,1,0,1305390246,4,0.01,177.079,0.0,0.0,-0.7,0.0,EURJPY,[sl 177.077],
1066627159,1305435338,2025-11-06 14:28:07,1762439287531,0,1,0,1305417459,4,0.01,0.93159,0.0,0.0,-0.63,0.0,EURCHF,[sl 0.93159],
1066627821,1305436119,2025-11-06 14:29:06,1762439346264,1,0,0,1305436119,3,0.01,200.948,0.0,0.0,0.0,0.0,GBPJPY,MACD_Volatility_,
1066628809,1305437579,2025-11-06 14:30:16,1762439416333,0,1,0,1305408951,4,0.01,153.737,0.0,0.0,-0.6,0.0,USDJPY,[sl 153.737],
1066628984,1305437773,2025-11-06 14:30:27,1762439427901,0,0,0,1305437773,3,0.01,0.88121,0.0,0.0,0.0,0.0,EURGBP,MACD_Volatility_,
1066629328,1305438147,2025-11-06 14:30:59,1762439459845,1,0,0,1305438147,3,0.01,1.05712,0.0,0.0,0.0,0.0,GBPCHF,MACD_Volatility_,
1066630466,1305439441,2025-11-06 14:32:16,1762439536715,1,0,0,1305439441,3,0.01,153.707,0.0,0.0,0.0,0.0,USDJPY,MACD_Volatility_,
1066632564,1305441747,2025-11-06 14:34:20,1762439660703,0,0,0,1305441747,3,0.01,0.65107,0.0,0.0,0.0,0.0,AUDUSD,MACD_Volatility_,
1066638595,1305448306,2025-11-06 14:38:11,1762439891195,0,1,0,1305391427,4,0.01,1.8444500000000001,0.0,0.0,-1.23,0.0,GBPCAD,[sl 1.84444],
1066642763,1305452906,2025-11-06 14:40:43,1762440043757,0,0,0,1305452906,3,0.01,0.93186,0.0,0.0,0.0,0.0,EURCHF,MACD_Volatility_,
1066645470,1305456084,2025-11-06 14:43:12,1762440192431,0,0,0,1305456084,3,0.01,2.00943,0.0,0.0,0.0,0.0,GBPAUD,MACD_Volatility_,
1066648547,1305459697,2025-11-06 14:45:15,1762440315748,0,1,0,1305413587,4,0.01,0.91821,0.0,0.0,-0.45,0.0,AUDCAD,[sl 0.91814],
1066648657,1305459821,2025-11-06 14:45:16,1762440316878,0,0,0,1305459821,3,0.01,1.84503,0.0,0.0,0.0,0.0,GBPCAD,MACD_Volatility_,
1066648666,1305459827,2025-11-06 14:45:16,1762440316968,0,1,0,1305438147,4,0.01,1.05826,0.0,0.0,-1.41,0.0,GBPCHF,[sl 1.05824],
1066648758,1305459931,2025-11-06 14:45:20,1762440320273,0,0,0,1305459931,3,0.01,1.15277,0.0,0.0,0.0,0.0,EURUSD,MACD_Volatility_,
1066648816,1305460003,2025-11-06 14:45:23,1762440323904,0,0,0,1305460003,3,0.01,0.79821,0.0,0.0,0.0,0.0,NZDCAD,MACD_Volatility_,
1066648828,1305460016,2025-11-06 14:45:24,1762440324444,0,0,0,1305460016,3,0.01,0.91816,0.0,0.0,0.0,0.0,AUDCAD,MACD_Volatility_,
1066649242,1305460525,2025-11-06 14:45:49,1762440349339,1,1,0,1305408600,0,0.01,1.3087900000000001,0.0,0.0,1.6600000000000001,0.0,GBPUSD,,
1066649250,1305460533,2025-11-06 14:45:50,1762440350157,1,1,0,1305408638,0,0.01,2.31142,0.0,0.0,1.11,0.0,GBPNZD,,
1066649295,1305460583,2025-11-06 14:45:51,1762440351901,0,0,0,1305460583,3,0.01,1.30897,0.0,0.0,0.0,0.0,GBPUSD,MACD_Volatility_,
1066649588,1305460926,2025-11-06 14:46:00,1762440360865,1,1,0,1305385370,0,0.01,1.62449,0.0,0.0,0.73,0.0,EURCAD,,
1066652692,1305464326,2025-11-06 14:48:55,1762440535438,0,0,0,1305464326,3,0.01,1.6248,0.0,0.0,0.0,0.0,EURCAD,MACD_Volatility_,
1066657519,1305469531,2025-11-06 14:52:04,1762440724326,1,1,0,1305437773,4,0.01,0.88032,0.0,0.0,-1.17,0.0,EURGBP,[sl 0.88033],
1066657610,1305469616,2025-11-06 14:52:05,1762440725730,0,1,0,1305436119,4,0.01,201.202,0.0,0.0,-1.65,0.0,GBPJPY,[sl 201.195],
1066662890,1305474913,2025-11-06 14:53:47,1762440827889,1,1,0,1305459931,0,0.01,1.15287,0.0,0.0,0.1,0.0,EURUSD,,
1066666057,1305478526,2025-11-06 14:56:00,1762440960069,0,0,0,1305478526,3,0.01,1.05875,0.0,0.0,0.0,0.0,GBPCHF,MACD_Volatility_,
1066667075,1305479765,2025-11-06 14:56:58,1762441018972,0,0,0,1305479765,3,0.01,177.124,0.0,0.0,0.0,0.0,EURJPY,MACD_Volatility_,
1066667835,1305480628,2025-11-06 14:57:37,1762441057688,1,1,0,1305460016,1,0.01,0.91799,0.0,0.0,-0.12,0.0,AUDCAD,,
1066667836,1305480629,2025-11-06 14:57:37,1762441057688,0,1,0,1305431359,1,0.01,0.52653,0.0,0.0,-0.06,0.0,AUDCHF,,
1066667837,1305480630,2025-11-06 14:57:37,1762441057688,0,1,0,1305421522,1,0.01,100.061,0.0,0.0,-0.07,0.0,AUDJPY,,
1066667838,1305480631,2025-11-06 14:57:37,1762441057688,1,1,0,1305390925,1,0.01,1.14996,0.0,0.0,-0.12,0.0,AUDNZD,,
1066667839,1305480632,2025-11-06 14:57:37,1762441057689,1,1,0,1305441747,1,0.01,0.65126,0.0,0.0,0.19,0.0,AUDUSD,,
1066667840,1305480633,2025-11-06 14:57:37,1762441057689,1,1,0,1305409377,1,0.01,1.77023,0.0,0.0,0.45,0.0,EURAUD,,
1066667841,1305480634,2025-11-06 14:57:37,1762441057689,1,1,0,1305464326,1,0.01,1.62519,0.0,0.0,0.28,0.0,EURCAD,,
1066667842,1305480635,2025-11-06 14:57:37,1762441057689,1,1,0,1305452906,1,0.01,0.93197,0.0,0.0,0.14,0.0,EURCHF,,
1066667843,1305480636,2025-11-06 14:57:37,1762441057689,1,1,0,1305479765,1,0.01,177.123,0.0,0.0,-0.01,0.0,EURJPY,,
1066667844,1305480637,2025-11-06 14:57:37,1762441057690,1,1,0,1305431788,1,0.01,2.03584,0.0,0.0,0.44,0.0,EURNZD,,
1066667845,1305480638,2025-11-06 14:57:37,1762441057690,1,1,0,1305456084,1,0.01,2.01156,0.0,0.0,1.3900000000000001,0.0,GBPAUD,,
1066667846,1305480639,2025-11-06 14:57:37,1762441057698,1,1,0,1305459821,1,0.01,1.8467099999999999,0.0,0.0,1.19,0.0,GBPCAD,,
1066667847,1305480640,2025-11-06 14:57:37,1762441057698,1,1,0,1305478526,1,0.01,1.05898,0.0,0.0,0.28,0.0,GBPCHF,,
1066667848,1305480641,2025-11-06 14:57:37,1762441057698,1,1,0,1305460583,1,0.01,1.31014,0.0,0.0,1.17,0.0,GBPUSD,,
1066667849,1305480642,2025-11-06 14:57:37,1762441057698,1,1,0,1305460003,1,0.01,0.79824,0.0,0.0,0.02,0.0,NZDCAD,,
1066667850,1305480643,2025-11-06 14:57:37,1762441057699,0,1,0,1305432191,1,0.01,0.45784,0.0,0.0,-0.26,0.0,NZDCHF,,
1066667851,1305480644,2025-11-06 14:57:37,1762441057699,0,1,0,1305431764,1,0.01,87.007,0.0,0.0,-0.05,0.0,NZDJPY,,
1066667852,1305480645,2025-11-06 14:57:37,1762441057699,0,1,0,1305405613,1,0.01,0.80838,0.0,0.0,0.35,0.0,USDCHF,,
1066667853,1305480646,2025-11-06 14:57:37,1762441057699,0,1,0,1305439441,1,0.01,153.628,0.0,0.0,0.51,0.0,USDJPY,,
1066692756,1305511780,2025-11-06 15:12:35,1762441955950,1,0,0,1305511780,3,0.01,1.14992,0.0,0.0,0.0,0.0,AUDNZD,MACD_Volatility_,
1066693528,1305512691,2025-11-06 15:13:06,1762441986423,0,0,0,1305512691,3,0.01,2.00973,0.0,0.0,0.0,0.0,GBPAUD,MACD_Volatility_,
1066693551,1305512720,2025-11-06 15:13:07,1762441987286,0,0,0,1305512720,3,0.01,2.31123,0.0,0.0,0.0,0.0,GBPNZD,MACD_Volatility_,
1066695044,1305514491,2025-11-06 15:14:35,1762442075756,1,0,0,1305514491,3,0.01,87.026,0.0,0.0,0.0,0.0,NZDJPY,MACD_Volatility_,
1066696087,1305515886,2025-11-06 15:15:24,1762442124316,1,0,0,1305515886,3,0.01,0.5263,0.0,0.0,0.0,0.0,AUDCHF,MACD_Volatility_,
1066696101,1305515901,2025-11-06 15:15:25,1762442125658,1,0,0,1305515901,3,0.01,0.45762,0.0,0.0,0.0,0.0,NZDCHF,MACD_Volatility_,
1066696129,1305515932,2025-11-06 15:15:26,1762442126783,0,0,0,1305515932,3,0.01,1.84537,0.0,0.0,0.0,0.0,GBPCAD,MACD_Volatility_,
1066696131,1305515934,2025-11-06 15:15:27,1762442127322,0,0,0,1305515934,3,0.01,1.77,0.0,0.0,0.0,0.0,EURAUD,MACD_Volatility_,
1066696933,1305516911,2025-11-06 15:16:23,1762442183584,1,0,0,1305516911,3,0.01,153.586,0.0,0.0,0.0,0.0,USDJPY,MACD_Volatility_,
1066698379,1305518515,2025-11-06 15:17:23,1762442243770,0,0,0,1305518515,3,0.01,1.30965,0.0,0.0,0.0,0.0,GBPUSD,MACD_Volatility_,
1066698412,1305518548,2025-11-06 15:17:27,1762442247448,0,0,0,1305518548,3,0.01,1.6251799999999998,0.0,0.0,0.0,0.0,EURCAD,MACD_Volatility_,
1066701609,1305522114,2025-11-06 15:19:29,1762442369267,0,0,0,1305522114,3,0.01,201.176,0.0,0.0,0.0,0.0,GBPJPY,MACD_Volatility_,
1066707839,1305529049,2025-11-06 15:23:27,1762442607484,0,0,0,1305529049,3,0.01,0.56659,0.0,0.0,0.0,0.0,NZDUSD,MACD_Volatility_,
1066707860,1305529073,2025-11-06 15:23:28,1762442608493,0,0,0,1305529073,3,0.01,0.79847,0.0,0.0,0.0,0.0,NZDCAD,MACD_Volatility_,
1066708538,1305529869,2025-11-06 15:23:57,1762442637204,1,0,0,1305529869,3,0.01,0.80777,0.0,0.0,0.0,0.0,USDCHF,MACD_Volatility_,
1066710975,1305532630,2025-11-06 15:25:27,1762442727472,0,0,0,1305532630,3,0.01,0.91801,0.0,0.0,0.0,0.0,AUDCAD,MACD_Volatility_,
1066714998,1305537185,2025-11-06 15:28:26,1762442906483,0,0,0,1305537185,3,0.01,0.6513,0.0,0.0,0.0,0.0,AUDUSD,MACD_Volatility_,
1066723884,1305548002,2025-11-06 15:34:28,1762443268530,1,0,0,1305548002,3,0.01,0.88042,0.0,0.0,0.0,0.0,EURGBP,MACD_Volatility_,
1066725858,1305550277,2025-11-06 15:35:35,1762443335075,0,0,0,1305550277,3,0.01,2.03621,0.0,0.0,0.0,0.0,EURNZD,MACD_Volatility_,
1066726795,1305551333,2025-11-06 15:36:12,1762443372062,1,1,0,1305532630,1,0.01,0.91798,0.0,0.0,-0.02,0.0,AUDCAD,,
1066726796,1305551334,2025-11-06 15:36:12,1762443372062,0,1,0,1305515886,1,0.01,0.52607,0.0,0.0,0.28,0.0,AUDCHF,,
1066726797,1305551335,2025-11-06 15:36:12,1762443372062,0,1,0,1305511780,1,0.01,1.1497600000000001,0.0,0.0,0.09,0.0,AUDNZD,,
1066726798,1305551336,2025-11-06 15:36:12,1762443372062,1,1,0,1305537185,1,0.01,0.65145,0.0,0.0,0.15,0.0,AUDUSD,,
1066726799,1305551337,2025-11-06 15:36:12,1762443372062,1,1,0,1305515934,1,0.01,1.77091,0.0,0.0,0.59,0.0,EURAUD,,
1066726800,1305551338,2025-11-06 15:36:12,1762443372063,1,1,0,1305518548,1,0.01,1.62575,0.0,0.0,0.4,0.0,EURCAD,,
1066726801,1305551339,2025-11-06 15:36:12,1762443372063,0,1,0,1305548002,1,0.01,0.88041,0.0,0.0,0.01,0.0,EURGBP,,
1066726802,1305551340,2025-11-06 15:36:12,1762443372063,1,1,0,1305550277,1,0.01,2.03595,0.0,0.0,-0.15,0.0,EURNZD,,
1066726803,1305551341,2025-11-06 15:36:12,1762443372063,1,1,0,1305512691,1,0.01,2.01164,0.0,0.0,1.24,0.0,GBPAUD,,
1066726804,1305551342,2025-11-06 15:36:12,1762443372063,1,1,0,1305515932,1,0.01,1.84674,0.0,0.0,0.97,0.0,GBPCAD,,
1066726805,1305551343,2025-11-06 15:36:12,1762443372063,1,1,0,1305522114,1,0.01,201.139,0.0,0.0,-0.24,0.0,GBPJPY,,
1066726806,1305551344,2025-11-06 15:36:12,1762443372063,1,1,0,1305512720,1,0.01,2.3127,0.0,0.0,0.83,0.0,GBPNZD,,
1066726807,1305551345,2025-11-06 15:36:12,1762443372063,1,1,0,1305518515,1,0.01,1.31056,0.0,0.0,0.91,0.0,GBPUSD,,
1066726808,1305551346,2025-11-06 15:36:12,1762443372064,1,1,0,1305529073,1,0.01,0.79844,0.0,0.0,-0.02,0.0,NZDCAD,,
1066726809,1305551347,2025-11-06 15:36:12,1762443372072,0,1,0,1305515901,1,0.01,0.4576,0.0,0.0,0.02,0.0,NZDCHF,,
1066726810,1305551348,2025-11-06 15:36:12,1762443372072,0,1,0,1305514491,1,0.01,86.978,0.0,0.0,0.31,0.0,NZDJPY,,
1066726811,1305551349,2025-11-06 15:36:12,1762443372072,1,1,0,1305529049,1,0.01,0.56663,0.0,0.0,0.04,0.0,NZDUSD,,
1066726812,1305551350,2025-11-06 15:36:12,1762443372072,0,1,0,1305529869,1,0.01,0.80746,0.0,0.0,0.38,0.0,USDCHF,,
1066726813,1305551351,2025-11-06 15:36:12,1762443372072,0,1,0,1305516911,1,0.01,153.483,0.0,0.0,0.67,0.0,USDJPY,,
1066734916,1305560816,2025-11-06 15:40:39,1762443639220,0,0,0,1305560816,3,0.01,2.03623,0.0,0.0,0.0,0.0,EURNZD,MACD_Volatility_,
1066738502,1305565124,2025-11-06 15:43:28,1762443808459,0,0,0,1305565124,3,4.01,1.154,0.0,0.0,0.0,0.0,EURUSD,EMA_ADX_RSI_Scal,
1066739369,1305566153,2025-11-06 15:44:03,1762443843460,0,0,0,1305566153,3,0.01,0.6516,0.0,0.0,0.0,0.0,AUDUSD,MACD_Volatility_,
1066739719,1305566626,2025-11-06 15:44:25,1762443865923,1,1,0,1305565124,0,4.01,1.15382,0.0,0.0,-72.18,0.0,EURUSD,,
1066740625,1305568125,2025-11-06 15:45:06,1762443906313,1,0,0,1305568125,3,0.01,86.984,0.0,0.0,0.0,0.0,NZDJPY,MACD_Volatility_,
1066740686,1305568269,2025-11-06 15:45:09,1762443909052,0,0,0,1305568269,3,4.25,1.15394,0.0,0.0,0.0,0.0,EURUSD,EMA_ADX_RSI_Scal,
1066740793,1305568424,2025-11-06 15:45:16,1762443916807,1,1,0,1305568269,0,4.25,1.15388,0.0,0.0,-25.5,0.0,EURUSD,,
1066743202,1305571419,2025-11-06 15:47:38,1762444058808,0,0,0,1305571419,3,0.01,2.31461,0.0,0.0,0.0,0.0,GBPNZD,MACD_Volatility_,
1066743906,1305572318,2025-11-06 15:48:10,1762444090840,0,0,0,1305572318,3,0.01,2.01364,0.0,0.0,0.0,0.0,GBPAUD,MACD_Volatility_,
1066744441,1305572925,2025-11-06 15:48:36,1762444116933,1,0,0,1305572925,3,0.01,0.8069,0.0,0.0,0.0,0.0,USDCHF,MACD_Volatility_,
1066744555,1305573047,2025-11-06 15:48:39,1762444119249,0,0,0,1305573047,3,0.01,0.567,0.0,0.0,0.0,0.0,NZDUSD,MACD_Volatility_,
1066745419,1305574054,2025-11-06 15:49:09,1762444149242,0,0,0,1305574054,3,0.01,0.79899,0.0,0.0,0.0,0.0,NZDCAD,MACD_Volatility_,
1066746953,1305575895,2025-11-06 15:50:06,1762444206331,0,0,0,1305575895,3,0.01,0.93154,0.0,0.0,0.0,0.0,EURCHF,MACD_Volatility_,
1066747674,1305576797,2025-11-06 15:50:43,1762444243161,1,0,0,1305576797,3,0.01,0.45738,0.0,0.0,0.0,0.0,NZDCHF,MACD_Volatility_,
1066750119,1305579926,2025-11-06 15:53:09,1762444389924,0,0,0,1305579926,3,0.01,1.0591,0.0,0.0,0.0,0.0,GBPCHF,MACD_Volatility_,
1066750636,1305580525,2025-11-06 15:53:45,1762444425234,0,0,0,1305580525,3,0.01,1.15412,0.0,0.0,0.0,0.0,EURUSD,ScalpTrader,
1066751150,1305581147,2025-11-06 15:54:10,1762444450067,1,0,0,1305581147,3,0.01,100.009,0.0,0.0,0.0,0.0,AUDJPY,MACD_Volatility_,
1066751334,1305581366,2025-11-06 15:54:16,1762444456902,0,0,0,1305581366,3,0.01,1.15422,0.0,0.0,0.0,0.0,EURUSD,ScalpTrader,
1066751612,1305581712,2025-11-06 15:54:38,1762444478738,1,1,0,1305581366,4,0.01,1.15404,0.0,0.0,-0.18,0.0,EURUSD,[sl 1.15404],
1066751742,1305581853,2025-11-06 15:54:46,1762444486696,0,0,0,1305581853,3,0.01,1.7712400000000001,0.0,0.0,0.0,0.0,EURAUD,MACD_Volatility_,
1066752368,1305582588,2025-11-06 15:55:12,1762444512513,1,0,0,1305582588,3,0.01,153.444,0.0,0.0,0.0,0.0,USDJPY,MACD_Volatility_,
1066752668,1305582926,2025-11-06 15:55:32,1762444532120,1,1,0,1305580525,4,0.01,1.15394,0.0,0.0,-0.18,0.0,EURUSD,[sl 1.15394],
1066752972,1305583241,2025-11-06 15:55:48,1762444548578,1,0,0,1305583241,3,0.01,1.15393,0.0,0.0,0.0,0.0,EURUSD,ScalpTrader,
1066753380,1305583687,2025-11-06 15:56:01,1762444561733,0,1,0,1305583241,4,0.01,1.15412,0.0,0.0,-0.19,0.0,EURUSD,[sl 1.15410],
1066754143,1305584504,2025-11-06 15:56:40,1762444600629,1,0,0,1305584504,3,0.01,1.14958,0.0,0.0,0.0,0.0,AUDNZD,MACD_Volatility_,
1066754264,1305584644,2025-11-06 15:56:50,1762444610243,1,0,0,1305584644,3,0.01,1.1538599999999999,0.0,0.0,0.0,0.0,EURUSD,ScalpTrader,
1066754441,1305584831,2025-11-06 15:56:57,1762444617724,1,1,0,1305573047,4,0.01,0.56645,0.0,0.0,-0.55,0.0,NZDUSD,[sl 0.56645],
1066754656,1305585089,2025-11-06 15:57:03,1762444623035,1,0,0,1305585089,3,0.01,1.15383,0.0,0.0,0.0,0.0,EURUSD,ScalpTrader,
1066754784,1305585226,2025-11-06 15:57:10,1762444630193,1,1,0,1305574054,4,0.01,0.79826,0.0,0.0,-0.52,0.0,NZDCAD,[sl 0.79829],
1066755269,1305585763,2025-11-06 15:57:26,1762444646931,0,1,0,1305585089,4,0.01,1.15402,0.0,0.0,-0.19,0.0,EURUSD,[sl 1.15400],
1066755414,1305585907,2025-11-06 15:57:31,1762444651525,0,1,0,1305584644,4,0.01,1.15405,0.0,0.0,-0.19,0.0,EURUSD,[sl 1.15406],
1066756005,1305586577,2025-11-06 15:58:04,1762444684791,1,0,0,1305586577,3,0.01,1.15387,0.0,0.0,0.0,0.0,EURUSD,ScalpTrader,
1066756087,1305586664,2025-11-06 15:58:07,1762444687804,1,1,0,1305566153,4,0.01,0.65106,0.0,0.0,-0.54,0.0,AUDUSD,[sl 0.65106],
1066756696,1305587313,2025-11-06 15:58:36,1762444716398,1,0,0,1305587313,3,0.01,1.15383,0.0,0.0,0.0,0.0,EURUSD,ScalpTrader,
1066757320,1305588049,2025-11-06 15:59:06,1762444746941,0,1,0,1305586577,5,0.01,1.1537,0.0,0.0,0.17,0.0,EURUSD,[tp 1.15370],
1066757357,1305588091,2025-11-06 15:59:08,1762444748034,1,0,0,1305588091,3,0.01,1.15364,0.0,0.0,0.0,0.0,EURUSD,ScalpTrader,
1066757810,1305588567,2025-11-06 15:59:25,1762444765921,0,1,0,1305587313,5,0.01,1.15363,0.0,0.0,0.2,0.0,EURUSD,[tp 1.15365],
1066759422,1305591146,2025-11-06 16:00:02,1762444802529,0,1,0,1305572925,4,0.01,0.80764,0.0,0.0,-0.92,0.0,USDCHF,[sl 0.80764],
1066762415,1305594911,2025-11-06 16:01:45,1762444905529,0,1,0,1305588091,5,0.01,1.15344,0.0,0.0,0.2,0.0,EURUSD,[tp 1.15346],
1066768958,1305602061,2025-11-06 16:04:48,1762445088341,0,0,0,1305602061,3,0.01,1.62618,0.0,0.0,0.0,0.0,EURCAD,MACD_Volatility_,
1066770443,1305603745,2025-11-06 16:05:14,1762445114507,0,1,0,1305568125,5,0.01,86.864,0.0,0.0,0.78,0.0,NZDJPY,[tp 86.867],
1066770976,1305604305,2025-11-06 16:05:19,1762445119679,1,0,0,1305604305,3,0.01,0.52545,0.0,0.0,0.0,0.0,AUDCHF,MACD_Volatility_,
1066771722,1305605048,2025-11-06 16:05:35,1762445135355,0,1,0,1305581147,5,0.01,99.866,0.0,0.0,0.93,0.0,AUDJPY,[tp 99.868],
1066772127,1305605502,2025-11-06 16:05:45,1762445145346,1,0,0,1305605502,3,0.01,0.80754,0.0,0.0,0.0,0.0,USDCHF,MACD_Volatility_,
1066772172,1305605556,2025-11-06 16:05:46,1762445146308,0,0,0,1305605556,3,0.02,1.15365,0.0,0.0,0.0,0.0,EURUSD,MACD_Volatility_,
1066772446,1305605883,2025-11-06 16:05:55,1762445155136,1,1,0,1305560816,5,0.01,2.03853,0.0,0.0,1.3,0.0,EURNZD,[tp 2.03847],
1066773100,1305606731,2025-11-06 16:06:21,1762445181868,0,0,0,1305606731,3,0.01,1.84763,0.0,0.0,0.0,0.0,GBPCAD,MACD_Volatility_,
1066773186,1305606840,2025-11-06 16:06:25,1762445185520,1,1,0,1305581853,5,0.01,1.77295,0.0,0.0,1.11,0.0,EURAUD,[tp 1.77295],
1066774345,1305608182,2025-11-06 16:07:16,1762445236859,0,0,0,1305608182,3,0.01,1.31047,0.0,0.0,0.0,0.0,GBPUSD,MACD_Volatility_,
1066777456,1305611579,2025-11-06 16:08:43,1762445323617,1,0,0,1305611579,3,0.01,0.65026,0.0,0.0,0.0,0.0,AUDUSD,MACD_Volatility_,
1066777771,1305611929,2025-11-06 16:08:52,1762445332379,0,1,0,1305576797,5,0.01,0.45684,0.0,0.0,0.67,0.0,NZDCHF,[tp 0.45684],
1066777777,1305611936,2025-11-06 16:08:52,1762445332457,1,0,0,1305611936,3,0.01,0.56553,0.0,0.0,0.0,0.0,NZDUSD,MACD_Volatility_,
1066778793,1305613133,2025-11-06 16:09:24,1762445364938,1,1,0,1305579926,4,0.01,1.0579,0.0,0.0,-1.49,0.0,GBPCHF,[sl 1.05791],
1066780101,1305614480,2025-11-06 16:09:56,1762445396169,1,0,0,1305614480,3,0.01,0.91688,0.0,0.0,0.0,0.0,AUDCAD,MACD_Volatility_,
1066782473,1305617106,2025-11-06 16:10:49,1762445449733,1,0,0,1305617106,3,0.01,0.79728,0.0,0.0,0.0,0.0,NZDCAD,MACD_Volatility_,
1066794974,1305631964,2025-11-06 16:18:21,1762445901964,1,0,0,1305631964,3,0.01,86.773,0.0,0.0,0.0,0.0,NZDJPY,MACD_Volatility_,
1066795048,1305632043,2025-11-06 16:18:24,1762445904152,1,0,0,1305632043,3,0.01,99.763,0.0,0.0,0.0,0.0,AUDJPY,MACD_Volatility_,
1066798131,1305634928,2025-11-06 16:18:57,1762445937832,1,0,0,1305634928,3,0.01,0.4566,0.0,0.0,0.0,0.0,NZDCHF,MACD_Volatility_,
1066807875,1305645454,2025-11-06 16:21:45,1762446105388,0,0,0,1305645454,3,0.01,1.41077,0.0,0.0,0.0,0.0,USDCAD,MACD_Volatility_,
1066811307,1305649232,2025-11-06 16:23:17,1762446197121,1,1,0,1305605556,4,0.02,1.1527,0.0,0.0,-1.9,0.0,EURUSD,[sl 1.15270],
1066835960,1305677570,2025-11-06 16:32:01,1762446721128,1,1,0,1305571419,5,0.01,2.3179,0.0,0.0,1.8599999999999999,0.0,GBPNZD,[tp 2.31787],
1066836565,1305678303,2025-11-06 16:32:13,1762446733183,1,1,0,1305608182,1,0.01,1.3094000000000001,0.0,0.0,-1.07,0.0,GBPUSD,,
1066837396,1305679271,2025-11-06 16:32:27,1762446747233,0,1,0,1305605502,1,0.01,0.8082,0.0,0.0,-0.82,0.0,USDCHF,,
1066838067,1305680062,2025-11-06 16:32:44,1762446764605,0,1,0,1305582588,4,0.01,153.572,0.0,0.0,-0.83,0.0,USDJPY,[sl 153.571],
1066840100,1305682422,2025-11-06 16:33:23,1762446803948,1,1,0,1305572318,5,0.01,2.01593,0.0,0.0,1.49,0.0,GBPAUD,[tp 2.01593],
1066840235,1305682584,2025-11-06 16:33:28,1762446808142,1,0,0,1305682584,3,0.01,0.8081,0.0,0.0,0.0,0.0,USDCHF,MACD_Volatility_,
1066841727,1305684376,2025-11-06 16:34:02,1762446842528,0,0,0,1305684376,3,0.01,2.04135,0.0,0.0,0.0,0.0,EURNZD,MACD_Volatility_,
1066841796,1305684453,2025-11-06 16:34:03,1762446843903,0,0,0,1305684453,3,0.01,1.77521,0.0,0.0,0.0,0.0,EURAUD,MACD_Volatility_,
1066843624,1305686460,2025-11-06 16:34:31,1762446871296,1,0,0,1305686460,3,0.01,153.526,0.0,0.0,0.0,0.0,USDJPY,MACD_Volatility_,
1066848097,1305691600,2025-11-06 16:35:44,1762446944720,0,1,0,1305584504,4,0.01,1.15029,0.0,0.0,-0.4,0.0,AUDNZD,[sl 1.15028],
1066859612,1305705334,2025-11-06 16:40:08,1762447208163,0,0,0,1305705334,3,0.01,2.31935,0.0,0.0,0.0,0.0,GBPNZD,MACD_Volatility_,
1066859954,1305705729,2025-11-06 16:40:15,1762447215247,0,1,0,1305611936,5,0.01,0.56458,0.0,0.0,0.95,0.0,NZDUSD,[tp 0.56459],
1066861378,1305707272,2025-11-06 16:40:35,1762447235704,0,0,0,1305707272,3,0.01,2.016,0.0,0.0,0.0,0.0,GBPAUD,MACD_Volatility_,
1066861438,1305707341,2025-11-06 16:40:37,1762447237071,1,0,0,1305707341,3,0.01,0.56444,0.0,0.0,0.0,0.0,NZDUSD,MACD_Volatility_,
1066863720,1305709671,2025-11-06 16:41:05,1762447265323,0,1,0,1305611579,5,0.01,0.6492,0.0,0.0,1.06,0.0,AUDUSD,[tp 0.64922],
1066865279,1305711404,2025-11-06 16:41:30,1762447290337,0,1,0,1305604305,5,0.01,0.5247,0.0,0.0,0.93,0.0,AUDCHF,[tp 0.52474],
1066865286,1305711411,2025-11-06 16:41:30,1762447290490,0,1,0,1305614480,1,0.01,0.91616,0.0,0.0,0.51,0.0,AUDCAD,,
1066865287,1305711412,2025-11-06 16:41:30,1762447290490,0,1,0,1305632043,1,0.01,99.664,0.0,0.0,0.64,0.0,AUDJPY,,
1066865288,1305711413,2025-11-06 16:41:30,1762447290490,1,1,0,1305684453,1,0.01,1.77583,0.0,0.0,0.4,0.0,EURAUD,,
1066865289,1305711414,2025-11-06 16:41:30,1762447290491,1,1,0,1305602061,1,0.01,1.62682,0.0,0.0,0.45,0.0,EURCAD,,
1066865290,1305711415,2025-11-06 16:41:30,1762447290491,1,1,0,1305575895,1,0.01,0.93164,0.0,0.0,0.12,0.0,EURCHF,,
1066865291,1305711416,2025-11-06 16:41:30,1762447290491,1,1,0,1305684376,1,0.01,2.04227,0.0,0.0,0.52,0.0,EURNZD,,
1066865292,1305711417,2025-11-06 16:41:30,1762447290491,1,1,0,1305707272,1,0.01,2.01676,0.0,0.0,0.49,0.0,GBPAUD,,
1066865293,1305711418,2025-11-06 16:41:30,1762447290491,1,1,0,1305606731,1,0.01,1.84754,0.0,0.0,-0.06,0.0,GBPCAD,,
1066865294,1305711419,2025-11-06 16:41:30,1762447290491,1,1,0,1305705334,1,0.01,2.31935,0.0,0.0,0.0,0.0,GBPNZD,,
1066865295,1305711420,2025-11-06 16:41:30,1762447290491,0,1,0,1305617106,1,0.01,0.79665,0.0,0.0,0.45,0.0,NZDCAD,,
1066865296,1305711421,2025-11-06 16:41:30,1762447290492,0,1,0,1305634928,1,0.01,0.45625,0.0,0.0,0.43,0.0,NZDCHF,,
1066865297,1305711422,2025-11-06 16:41:30,1762447290492,0,1,0,1305631964,1,0.01,86.662,0.0,0.0,0.72,0.0,NZDJPY,,
1066865298,1305711423,2025-11-06 16:41:30,1762447290492,0,1,0,1305707341,1,0.01,0.56439,0.0,0.0,0.05,0.0,NZDUSD,,
1066865299,1305711424,2025-11-06 16:41:30,1762447290492,1,1,0,1305645454,1,0.01,1.41171,0.0,0.0,0.67,0.0,USDCAD,,
1066865300,1305711425,2025-11-06 16:41:30,1762447290492,0,1,0,1305682584,1,0.01,0.80841,0.0,0.0,-0.38,0.0,USDCHF,,
1066865301,1305711426,2025-11-06 16:41:30,1762447290492,0,1,0,1305686460,1,0.01,153.557,0.0,0.0,-0.2,0.0,USDJPY,,
1066866039,1305712232,2025-11-06 16:41:36,1762447296870,1,0,0,1305712232,3,0.01,0.52447,0.0,0.0,0.0,0.0,AUDCHF,MACD_Volatility_,
1066868165,1305714768,2025-11-06 16:42:05,1762447325980,1,0,0,1305714768,3,0.01,153.539,0.0,0.0,0.0,0.0,USDJPY,MACD_Volatility_,
1066876150,1305724537,2025-11-06 16:45:04,1762447504324,1,0,0,1305724537,3,0.01,0.80836,0.0,0.0,0.0,0.0,USDCHF,MACD_Volatility_,
1066887157,1305737496,2025-11-06 16:49:41,1762447781915,0,0,0,1305737496,3,0.01,2.04296,0.0,0.0,0.0,0.0,EURNZD,MACD_Volatility_,
1066887231,1305737576,2025-11-06 16:49:43,1762447783105,0,0,0,1305737576,3,0.01,1.77599,0.0,0.0,0.0,0.0,EURAUD,MACD_Volatility_,
1066887255,1305737608,2025-11-06 16:49:43,1762447783843,1,0,0,1305737608,3,0.01,0.9161,0.0,0.0,0.0,0.0,AUDCAD,MACD_Volatility_,
1066888234,1305738882,2025-11-06 16:50:06,1762447806863,1,0,0,1305738882,3,0.01,0.79636,0.0,0.0,0.0,0.0,NZDCAD,MACD_Volatility_,
1066889918,1305740630,2025-11-06 16:50:35,1762447835784,1,0,0,1305740630,3,0.01,86.549,0.0,0.0,0.0,0.0,NZDJPY,MACD_Volatility_,
1066890003,1305740737,2025-11-06 16:50:37,1762447837980,1,0,0,1305740737,3,0.01,99.553,0.0,0.0,0.0,0.0,AUDJPY,MACD_Volatility_,
1066890127,1305740888,2025-11-06 16:50:42,1762447842929,1,0,0,1305740888,3,0.01,0.45595,0.0,0.0,0.0,0.0,NZDCHF,MACD_Volatility_,
1066890149,1305740914,2025-11-06 16:50:43,1762447843858,1,0,0,1305740914,3,0.01,0.56393,0.0,0.0,0.0,0.0,NZDUSD,MACD_Volatility_,
1066890155,1305740924,2025-11-06 16:50:44,1762447844386,0,0,0,1305740924,3,0.01,2.01726,0.0,0.0,0.0,0.0,GBPAUD,MACD_Volatility_,
1066890913,1305741759,2025-11-06 16:51:00,1762447860371,1,0,0,1305741759,3,0.01,0.64859,0.0,0.0,0.0,0.0,AUDUSD,MACD_Volatility_,
1066892068,1305743111,2025-11-06 16:51:27,1762447887763,0,0,0,1305743111,3,0.01,1.4123700000000001,0.0,0.0,0.0,0.0,USDCAD,MACD_Volatility_,
1066893148,1305744279,2025-11-06 16:51:45,1762447905432,0,0,0,1305744279,3,0.01,2.32057,0.0,0.0,0.0,0.0,GBPNZD,MACD_Volatility_,
1066897153,1305748841,2025-11-06 16:53:06,1762447986621,0,0,0,1305748841,3,0.02,1.15226,0.0,0.0,0.0,0.0,EURUSD,MACD_Volatility_,
1066898934,1305751014,2025-11-06 16:54:04,1762448044530,0,0,0,1305751014,3,0.01,1.15054,0.0,0.0,0.0,0.0,AUDNZD,MACD_Volatility_,
1066899132,1305751238,2025-11-06 16:54:10,1762448050053,0,0,0,1305751238,3,0.01,1.62718,0.0,0.0,0.0,0.0,EURCAD,MACD_Volatility_,
1066902498,1305755014,2025-11-06 16:55:13,1762448113557,0,0,0,1305755014,3,0.01,1.8479,0.0,0.0,0.0,0.0,GBPCAD,MACD_Volatility_,
1066909448,1305763121,2025-11-06 16:58:02,1762448282723,0,1,0,1305737608,1,0.01,0.91563,0.0,0.0,0.33,0.0,AUDCAD,,
1066909449,1305763122,2025-11-06 16:58:02,1762448282723,0,1,0,1305712232,1,0.01,0.52428,0.0,0.0,0.23,0.0,AUDCHF,,
1066909450,1305763123,2025-11-06 16:58:02,1762448282724,0,1,0,1305740737,1,0.01,99.483,0.0,0.0,0.46,0.0,AUDJPY,,
1066909451,1305763124,2025-11-06 16:58:02,1762448282724,1,1,0,1305751014,1,0.01,1.14995,0.0,0.0,-0.33,0.0,AUDNZD,,
1066909452,1305763125,2025-11-06 16:58:02,1762448282725,0,1,0,1305741759,1,0.01,0.64833,0.0,0.0,0.26,0.0,AUDUSD,,
1066909453,1305763126,2025-11-06 16:58:02,1762448282725,1,1,0,1305737576,1,0.01,1.77722,0.0,0.0,0.8,0.0,EURAUD,,
1066909454,1305763127,2025-11-06 16:58:02,1762448282725,1,1,0,1305751238,1,0.01,1.62716,0.0,0.0,-0.01,0.0,EURCAD,,
1066909455,1305763128,2025-11-06 16:58:02,1762448282725,1,1,0,1305737496,1,0.01,2.04381,0.0,0.0,0.48,0.0,EURNZD,,
1066909456,1305763129,2025-11-06 16:58:02,1762448282726,1,1,0,1305748841,1,0.02,1.15215,0.0,0.0,-0.22,0.0,EURUSD,,
1066909457,1305763130,2025-11-06 16:58:02,1762448282726,1,1,0,1305740924,1,0.01,2.0184,0.0,0.0,0.74,0.0,GBPAUD,,
1066909458,1305763131,2025-11-06 16:58:02,1762448282726,1,1,0,1305755014,1,0.01,1.84798,0.0,0.0,0.06,0.0,GBPCAD,,
1066909459,1305763132,2025-11-06 16:58:02,1762448282727,1,1,0,1305744279,1,0.01,2.32117,0.0,0.0,0.34,0.0,GBPNZD,,
1066909460,1305763133,2025-11-06 16:58:02,1762448282727,0,1,0,1305738882,1,0.01,0.7962,0.0,0.0,0.11,0.0,NZDCAD,,
1066909461,1305763134,2025-11-06 16:58:02,1762448282727,0,1,0,1305740888,1,0.01,0.45589,0.0,0.0,0.07,0.0,NZDCHF,,
1066909462,1305763135,2025-11-06 16:58:02,1762448282728,0,1,0,1305740630,1,0.01,86.508,0.0,0.0,0.27,0.0,NZDJPY,,
1066909463,1305763136,2025-11-06 16:58:02,1762448282728,0,1,0,1305740914,1,0.01,0.56378,0.0,0.0,0.15,0.0,NZDUSD,,
1066909464,1305763137,2025-11-06 16:58:02,1762448282728,1,1,0,1305743111,1,0.01,1.41246,0.0,0.0,0.06,0.0,USDCAD,,
1066909465,1305763138,2025-11-06 16:58:02,1762448282728,0,1,0,1305724537,1,0.01,0.80866,0.0,0.0,-0.37,0.0,USDCHF,,
1066909466,1305763139,2025-11-06 16:58:02,1762448282729,0,1,0,1305714768,1,0.01,153.45,0.0,0.0,0.58,0.0,USDJPY,,
1066909722,1305763458,2025-11-06 16:58:13,1762448293599,1,0,0,1305763458,3,0.01,153.417,0.0,0.0,0.0,0.0,USDJPY,MACD_Volatility_,
1066910438,1305764316,2025-11-06 16:58:40,1762448320509,1,0,0,1305764316,3,0.01,86.465,0.0,0.0,0.0,0.0,NZDJPY,MACD_Volatility_,
1066910673,1305764561,2025-11-06 16:58:49,1762448329160,0,0,0,1305764561,3,0.01,2.04424,0.0,0.0,0.0,0.0,EURNZD,MACD_Volatility_,
