time,symbol,type,price,ema_fast,ema_slow
2025-09-30 19:15:00,EURUSD,BUY,1.17391,1.1735392984863533,1.173525236953094
2025-09-30 21:05:00,EURUSD,SELL,1.17454,1.1749165178574668,1.1749439168636149
2025-10-01 01:05:00,EURUSD,BUY,1.17382,1.1735741667333608,1.1735428546583433
2025-10-01 01:40:00,EURUSD,SELL,1.17349,1.1735484185061815,1.173556991229271
2025-10-01 02:00:00,EURUSD,BUY,1.17381,1.1735476440837285,1.1735447314338665
2025-10-01 02:55:00,EURUSD,SELL,1.1734499999999999,1.1736881651629871,1.173707091350459
2025-10-01 04:25:00,EURUSD,BUY,1.17381,1.1735454341521971,1.1735181598487547
2025-10-01 05:10:00,EURUSD,SELL,1.17331,1.1736260323136964,1.1736272874589022
2025-10-01 05:55:00,EURUSD,BUY,1.17379,1.173607808688807,1.1735863145644423
2025-10-01 06:40:00,EURUSD,SELL,1.17358,1.1736232757778056,1.1736253561358367
2025-10-01 06:45:00,EURUSD,BUY,1.17372,1.1736447700494044,1.1736343698371856
2025-10-01 10:35:00,EURUSD,SELL,1.17576,1.176187103429748,1.1762406587768395
2025-10-01 11:35:00,EURUSD,BUY,1.1764000000000001,1.175834442804629,1.175826028400139
2025-10-01 11:45:00,EURUSD,SELL,1.17571,1.1758094777460102,1.1758170436563495
2025-10-01 14:35:00,EURUSD,BUY,1.17385,1.1733265354114462,1.173255833452413
2025-10-01 15:05:00,EURUSD,SELL,1.17237,1.173231639983782,1.1732888462237678
2025-10-01 15:15:00,EURUSD,BUY,1.17625,1.173760374805004,1.1734951326230845
2025-10-01 17:15:00,EURUSD,SELL,1.17426,1.1749808789261098,1.175068839144913
2025-10-01 20:20:00,EURUSD,BUY,1.17315,1.1726940488285502,1.1726638472985784
2025-10-01 20:50:00,EURUSD,SELL,1.17252,1.1726896058276086,1.1726939725086916
2025-10-01 21:10:00,EURUSD,BUY,1.17339,1.1727578819680062,1.1727064829536313
2025-10-01 22:55:00,EURUSD,SELL,1.17305,1.1733426405385954,1.1733535226962921
2025-10-02 00:55:00,EURUSD,BUY,1.17306,1.1729537322813037,1.172943251511958
2025-10-02 03:05:00,EURUSD,SELL,1.17279,1.1732808970491888,1.173351583450876
2025-10-02 04:20:00,EURUSD,BUY,1.1734,1.172988353612443,1.1729856351276413
2025-10-02 06:35:00,EURUSD,SELL,1.17343,1.173653853095211,1.173676761624332
2025-10-02 08:45:00,EURUSD,BUY,1.17353,1.1733335729637477,1.1733174355896379
2025-10-02 13:05:00,EURUSD,SELL,1.1750099999999999,1.1752868297110177,1.175308553413127
2025-10-02 14:35:00,EURUSD,BUY,1.17541,1.1751546995544668,1.1751405570597926
2025-10-02 14:50:00,EURUSD,SELL,1.17503,1.1751311137821427,1.1751362143260033
2025-10-02 15:00:00,EURUSD,BUY,1.1757900000000001,1.1752635132756173,1.1751910507294496
2025-10-02 15:25:00,EURUSD,SELL,1.17476,1.1751802721066116,1.1751956433252118
