ticket,order,symbol,type,volume,price,profit,swap,commission,time
1066910673,1305764561,EURNZD,0,0.01,2.04424,0.0,0.0,0.0,2025-11-06 23:58:49
1066910438,1305764316,NZDJPY,1,0.01,86.465,0.0,0.0,0.0,2025-11-06 23:58:40
1066909722,1305763458,USDJPY,1,0.01,153.417,0.0,0.0,0.0,2025-11-06 23:58:13
1066909466,1305763139,USDJPY,0,0.01,153.45,0.58,0.0,0.0,2025-11-06 23:58:02
1066909465,1305763138,USDCHF,0,0.01,0.80866,-0.37,0.0,0.0,2025-11-06 23:58:02
1066909464,1305763137,USDCAD,1,0.01,1.41246,0.06,0.0,0.0,2025-11-06 23:58:02
1066909463,1305763136,NZDUSD,0,0.01,0.56378,0.15,0.0,0.0,2025-11-06 23:58:02
1066909462,1305763135,NZDJPY,0,0.01,86.508,0.27,0.0,0.0,2025-11-06 23:58:02
1066909461,1305763134,NZDCHF,0,0.01,0.45589,0.07,0.0,0.0,2025-11-06 23:58:02
1066909460,1305763133,NZDCAD,0,0.01,0.7962,0.11,0.0,0.0,2025-11-06 23:58:02
1066909459,1305763132,GBPNZD,1,0.01,2.32117,0.34,0.0,0.0,2025-11-06 23:58:02
1066909458,1305763131,GBPCAD,1,0.01,1.84798,0.06,0.0,0.0,2025-11-06 23:58:02
1066909457,1305763130,GBPAUD,1,0.01,2.0184,0.74,0.0,0.0,2025-11-06 23:58:02
1066909456,1305763129,EURUSD,1,0.02,1.15215,-0.22,0.0,0.0,2025-11-06 23:58:02
1066909455,1305763128,EURNZD,1,0.01,2.04381,0.48,0.0,0.0,2025-11-06 23:58:02
1066909454,1305763127,EURCAD,1,0.01,1.62716,-0.01,0.0,0.0,2025-11-06 23:58:02
1066909453,1305763126,EURAUD,1,0.01,1.77722,0.8,0.0,0.0,2025-11-06 23:58:02
1066909452,1305763125,AUDUSD,0,0.01,0.64833,0.26,0.0,0.0,2025-11-06 23:58:02
1066909451,1305763124,AUDNZD,1,0.01,1.14995,-0.33,0.0,0.0,2025-11-06 23:58:02
1066909450,1305763123,AUDJPY,0,0.01,99.483,0.46,0.0,0.0,2025-11-06 23:58:02
1066909449,1305763122,AUDCHF,0,0.01,0.52428,0.23,0.0,0.0,2025-11-06 23:58:02
1066909448,1305763121,AUDCAD,0,0.01,0.91563,0.33,0.0,0.0,2025-11-06 23:58:02
1066902498,1305755014,GBPCAD,0,0.01,1.8479,0.0,0.0,0.0,2025-11-06 23:55:13
1066899132,1305751238,EURCAD,0,0.01,1.62718,0.0,0.0,0.0,2025-11-06 23:54:10
1066898934,1305751014,AUDNZD,0,0.01,1.15054,0.0,0.0,0.0,2025-11-06 23:54:04
1066897153,1305748841,EURUSD,0,0.02,1.15226,0.0,0.0,0.0,2025-11-06 23:53:06
1066893148,1305744279,GBPNZD,0,0.01,2.32057,0.0,0.0,0.0,2025-11-06 23:51:45
1066892068,1305743111,USDCAD,0,0.01,1.41237,0.0,0.0,0.0,2025-11-06 23:51:27
1066890913,1305741759,AUDUSD,1,0.01,0.64859,0.0,0.0,0.0,2025-11-06 23:51:00
1066890155,1305740924,GBPAUD,0,0.01,2.01726,0.0,0.0,0.0,2025-11-06 23:50:44
1066890149,1305740914,NZDUSD,1,0.01,0.56393,0.0,0.0,0.0,2025-11-06 23:50:43
1066890127,1305740888,NZDCHF,1,0.01,0.45595,0.0,0.0,0.0,2025-11-06 23:50:42
1066890003,1305740737,AUDJPY,1,0.01,99.553,0.0,0.0,0.0,2025-11-06 23:50:37
1066889918,1305740630,NZDJPY,1,0.01,86.549,0.0,0.0,0.0,2025-11-06 23:50:35
1066888234,1305738882,NZDCAD,1,0.01,0.79636,0.0,0.0,0.0,2025-11-06 23:50:06
1066887255,1305737608,AUDCAD,1,0.01,0.9161,0.0,0.0,0.0,2025-11-06 23:49:43
1066887231,1305737576,EURAUD,0,0.01,1.77599,0.0,0.0,0.0,2025-11-06 23:49:43
1066887157,1305737496,EURNZD,0,0.01,2.04296,0.0,0.0,0.0,2025-11-06 23:49:41
1066876150,1305724537,USDCHF,1,0.01,0.80836,0.0,0.0,0.0,2025-11-06 23:45:04
1066868165,1305714768,USDJPY,1,0.01,153.539,0.0,0.0,0.0,2025-11-06 23:42:05
1066866039,1305712232,AUDCHF,1,0.01,0.52447,0.0,0.0,0.0,2025-11-06 23:41:36
1066865301,1305711426,USDJPY,0,0.01,153.557,-0.2,0.0,0.0,2025-11-06 23:41:30
1066865300,1305711425,USDCHF,0,0.01,0.80841,-0.38,0.0,0.0,2025-11-06 23:41:30
1066865299,1305711424,USDCAD,1,0.01,1.41171,0.67,0.0,0.0,2025-11-06 23:41:30
1066865298,1305711423,NZDUSD,0,0.01,0.56439,0.05,0.0,0.0,2025-11-06 23:41:30
1066865297,1305711422,NZDJPY,0,0.01,86.662,0.72,0.0,0.0,2025-11-06 23:41:30
1066865296,1305711421,NZDCHF,0,0.01,0.45625,0.43,0.0,0.0,2025-11-06 23:41:30
1066865295,1305711420,NZDCAD,0,0.01,0.79665,0.45,0.0,0.0,2025-11-06 23:41:30
1066865294,1305711419,GBPNZD,1,0.01,2.31935,0.0,0.0,0.0,2025-11-06 23:41:30
1066865293,1305711418,GBPCAD,1,0.01,1.84754,-0.06,0.0,0.0,2025-11-06 23:41:30
1066865292,1305711417,GBPAUD,1,0.01,2.01676,0.49,0.0,0.0,2025-11-06 23:41:30
1066865291,1305711416,EURNZD,1,0.01,2.04227,0.52,0.0,0.0,2025-11-06 23:41:30
1066865290,1305711415,EURCHF,1,0.01,0.93164,0.12,0.0,0.0,2025-11-06 23:41:30
1066865289,1305711414,EURCAD,1,0.01,1.62682,0.45,0.0,0.0,2025-11-06 23:41:30
1066865288,1305711413,EURAUD,1,0.01,1.77583,0.4,0.0,0.0,2025-11-06 23:41:30
1066865287,1305711412,AUDJPY,0,0.01,99.664,0.64,0.0,0.0,2025-11-06 23:41:30
1066865286,1305711411,AUDCAD,0,0.01,0.91616,0.51,0.0,0.0,2025-11-06 23:41:30
1066865279,1305711404,AUDCHF,0,0.01,0.5247,0.93,0.0,0.0,2025-11-06 23:41:30
1066863720,1305709671,AUDUSD,0,0.01,0.6492,1.06,0.0,0.0,2025-11-06 23:41:05
1066861438,1305707341,NZDUSD,1,0.01,0.56444,0.0,0.0,0.0,2025-11-06 23:40:37
1066861378,1305707272,GBPAUD,0,0.01,2.016,0.0,0.0,0.0,2025-11-06 23:40:35
1066859954,1305705729,NZDUSD,0,0.01,0.56458,0.95,0.0,0.0,2025-11-06 23:40:15
1066859612,1305705334,GBPNZD,0,0.01,2.31935,0.0,0.0,0.0,2025-11-06 23:40:08
1066848097,1305691600,AUDNZD,0,0.01,1.15029,-0.4,0.0,0.0,2025-11-06 23:35:44
1066843624,1305686460,USDJPY,1,0.01,153.526,0.0,0.0,0.0,2025-11-06 23:34:31
1066841796,1305684453,EURAUD,0,0.01,1.77521,0.0,0.0,0.0,2025-11-06 23:34:03
1066841727,1305684376,EURNZD,0,0.01,2.04135,0.0,0.0,0.0,2025-11-06 23:34:02
1066840235,1305682584,USDCHF,1,0.01,0.8081,0.0,0.0,0.0,2025-11-06 23:33:28
1066840100,1305682422,GBPAUD,1,0.01,2.01593,1.49,0.0,0.0,2025-11-06 23:33:23
1066838067,1305680062,USDJPY,0,0.01,153.572,-0.83,0.0,0.0,2025-11-06 23:32:44
1066837396,1305679271,USDCHF,0,0.01,0.8082,-0.82,0.0,0.0,2025-11-06 23:32:27
1066836565,1305678303,GBPUSD,1,0.01,1.3094,-1.07,0.0,0.0,2025-11-06 23:32:13
1066835960,1305677570,GBPNZD,1,0.01,2.3179,1.86,0.0,0.0,2025-11-06 23:32:01
1066811307,1305649232,EURUSD,1,0.02,1.1527,-1.9,0.0,0.0,2025-11-06 23:23:17
1066807875,1305645454,USDCAD,0,0.01,1.41077,0.0,0.0,0.0,2025-11-06 23:21:45
1066798131,1305634928,NZDCHF,1,0.01,0.4566,0.0,0.0,0.0,2025-11-06 23:18:57
1066795048,1305632043,AUDJPY,1,0.01,99.763,0.0,0.0,0.0,2025-11-06 23:18:24
1066794974,1305631964,NZDJPY,1,0.01,86.773,0.0,0.0,0.0,2025-11-06 23:18:21
1066782473,1305617106,NZDCAD,1,0.01,0.79728,0.0,0.0,0.0,2025-11-06 23:10:49
1066780101,1305614480,AUDCAD,1,0.01,0.91688,0.0,0.0,0.0,2025-11-06 23:09:56
1066778793,1305613133,GBPCHF,1,0.01,1.0579,-1.49,0.0,0.0,2025-11-06 23:09:24
1066777777,1305611936,NZDUSD,1,0.01,0.56553,0.0,0.0,0.0,2025-11-06 23:08:52
1066777771,1305611929,NZDCHF,0,0.01,0.45684,0.67,0.0,0.0,2025-11-06 23:08:52
1066777456,1305611579,AUDUSD,1,0.01,0.65026,0.0,0.0,0.0,2025-11-06 23:08:43
1066774345,1305608182,GBPUSD,0,0.01,1.31047,0.0,0.0,0.0,2025-11-06 23:07:16
1066773186,1305606840,EURAUD,1,0.01,1.77295,1.11,0.0,0.0,2025-11-06 23:06:25
1066773100,1305606731,GBPCAD,0,0.01,1.84763,0.0,0.0,0.0,2025-11-06 23:06:21
1066772446,1305605883,EURNZD,1,0.01,2.03853,1.3,0.0,0.0,2025-11-06 23:05:55
1066772172,1305605556,EURUSD,0,0.02,1.15365,0.0,0.0,0.0,2025-11-06 23:05:46
1066772127,1305605502,USDCHF,1,0.01,0.80754,0.0,0.0,0.0,2025-11-06 23:05:45
1066771722,1305605048,AUDJPY,0,0.01,99.866,0.93,0.0,0.0,2025-11-06 23:05:35
1066770976,1305604305,AUDCHF,1,0.01,0.52545,0.0,0.0,0.0,2025-11-06 23:05:19
1066770443,1305603745,NZDJPY,0,0.01,86.864,0.78,0.0,0.0,2025-11-06 23:05:14
1066768958,1305602061,EURCAD,0,0.01,1.62618,0.0,0.0,0.0,2025-11-06 23:04:48
1066762415,1305594911,EURUSD,0,0.01,1.15344,0.2,0.0,0.0,2025-11-06 23:01:45
1066759422,1305591146,USDCHF,0,0.01,0.80764,-0.92,0.0,0.0,2025-11-06 23:00:02
1066757810,1305588567,EURUSD,0,0.01,1.15363,0.2,0.0,0.0,2025-11-06 22:59:25
1066757357,1305588091,EURUSD,1,0.01,1.15364,0.0,0.0,0.0,2025-11-06 22:59:08
1066757320,1305588049,EURUSD,0,0.01,1.1537,0.17,0.0,0.0,2025-11-06 22:59:06
1066756696,1305587313,EURUSD,1,0.01,1.15383,0.0,0.0,0.0,2025-11-06 22:58:36
1066756087,1305586664,AUDUSD,1,0.01,0.65106,-0.54,0.0,0.0,2025-11-06 22:58:07
1066756005,1305586577,EURUSD,1,0.01,1.15387,0.0,0.0,0.0,2025-11-06 22:58:04
1066755414,1305585907,EURUSD,0,0.01,1.15405,-0.19,0.0,0.0,2025-11-06 22:57:31
1066755269,1305585763,EURUSD,0,0.01,1.15402,-0.19,0.0,0.0,2025-11-06 22:57:26
1066754784,1305585226,NZDCAD,1,0.01,0.79826,-0.52,0.0,0.0,2025-11-06 22:57:10
1066754656,1305585089,EURUSD,1,0.01,1.15383,0.0,0.0,0.0,2025-11-06 22:57:03
1066754441,1305584831,NZDUSD,1,0.01,0.56645,-0.55,0.0,0.0,2025-11-06 22:56:57
1066754264,1305584644,EURUSD,1,0.01,1.15386,0.0,0.0,0.0,2025-11-06 22:56:50
1066754143,1305584504,AUDNZD,1,0.01,1.14958,0.0,0.0,0.0,2025-11-06 22:56:40
1066753380,1305583687,EURUSD,0,0.01,1.15412,-0.19,0.0,0.0,2025-11-06 22:56:01
1066752972,1305583241,EURUSD,1,0.01,1.15393,0.0,0.0,0.0,2025-11-06 22:55:48
1066752668,1305582926,EURUSD,1,0.01,1.15394,-0.18,0.0,0.0,2025-11-06 22:55:32
1066752368,1305582588,USDJPY,1,0.01,153.444,0.0,0.0,0.0,2025-11-06 22:55:12
1066751742,1305581853,EURAUD,0,0.01,1.77124,0.0,0.0,0.0,2025-11-06 22:54:46
1066751612,1305581712,EURUSD,1,0.01,1.15404,-0.18,0.0,0.0,2025-11-06 22:54:38
1066751334,1305581366,EURUSD,0,0.01,1.15422,0.0,0.0,0.0,2025-11-06 22:54:16
1066751150,1305581147,AUDJPY,1,0.01,100.009,0.0,0.0,0.0,2025-11-06 22:54:10
1066750636,1305580525,EURUSD,0,0.01,1.15412,0.0,0.0,0.0,2025-11-06 22:53:45
1066750119,1305579926,GBPCHF,0,0.01,1.0591,0.0,0.0,0.0,2025-11-06 22:53:09
1066747674,1305576797,NZDCHF,1,0.01,0.45738,0.0,0.0,0.0,2025-11-06 22:50:43
1066746953,1305575895,EURCHF,0,0.01,0.93154,0.0,0.0,0.0,2025-11-06 22:50:06
1066745419,1305574054,NZDCAD,0,0.01,0.79899,0.0,0.0,0.0,2025-11-06 22:49:09
1066744555,1305573047,NZDUSD,0,0.01,0.567,0.0,0.0,0.0,2025-11-06 22:48:39
1066744441,1305572925,USDCHF,1,0.01,0.8069,0.0,0.0,0.0,2025-11-06 22:48:36
1066743906,1305572318,GBPAUD,0,0.01,2.01364,0.0,0.0,0.0,2025-11-06 22:48:10
1066743202,1305571419,GBPNZD,0,0.01,2.31461,0.0,0.0,0.0,2025-11-06 22:47:38
1066740625,1305568125,NZDJPY,1,0.01,86.984,0.0,0.0,0.0,2025-11-06 22:45:06
1066739369,1305566153,AUDUSD,0,0.01,0.6516,0.0,0.0,0.0,2025-11-06 22:44:03
1066734916,1305560816,EURNZD,0,0.01,2.03623,0.0,0.0,0.0,2025-11-06 22:40:39
1066726813,1305551351,USDJPY,0,0.01,153.483,0.67,0.0,0.0,2025-11-06 22:36:12
1066726812,1305551350,USDCHF,0,0.01,0.80746,0.38,0.0,0.0,2025-11-06 22:36:12
1066726811,1305551349,NZDUSD,1,0.01,0.56663,0.04,0.0,0.0,2025-11-06 22:36:12
1066726810,1305551348,NZDJPY,0,0.01,86.978,0.31,0.0,0.0,2025-11-06 22:36:12
1066726809,1305551347,NZDCHF,0,0.01,0.4576,0.02,0.0,0.0,2025-11-06 22:36:12
1066726808,1305551346,NZDCAD,1,0.01,0.79844,-0.02,0.0,0.0,2025-11-06 22:36:12
1066726807,1305551345,GBPUSD,1,0.01,1.31056,0.91,0.0,0.0,2025-11-06 22:36:12
1066726806,1305551344,GBPNZD,1,0.01,2.3127,0.83,0.0,0.0,2025-11-06 22:36:12
1066726805,1305551343,GBPJPY,1,0.01,201.139,-0.24,0.0,0.0,2025-11-06 22:36:12
1066726804,1305551342,GBPCAD,1,0.01,1.84674,0.97,0.0,0.0,2025-11-06 22:36:12
1066726803,1305551341,GBPAUD,1,0.01,2.01164,1.24,0.0,0.0,2025-11-06 22:36:12
1066726802,1305551340,EURNZD,1,0.01,2.03595,-0.15,0.0,0.0,2025-11-06 22:36:12
1066726801,1305551339,EURGBP,0,0.01,0.88041,0.01,0.0,0.0,2025-11-06 22:36:12
1066726800,1305551338,EURCAD,1,0.01,1.62575,0.4,0.0,0.0,2025-11-06 22:36:12
1066726799,1305551337,EURAUD,1,0.01,1.77091,0.59,0.0,0.0,2025-11-06 22:36:12
1066726798,1305551336,AUDUSD,1,0.01,0.65145,0.15,0.0,0.0,2025-11-06 22:36:12
1066726797,1305551335,AUDNZD,0,0.01,1.14976,0.09,0.0,0.0,2025-11-06 22:36:12
1066726796,1305551334,AUDCHF,0,0.01,0.52607,0.28,0.0,0.0,2025-11-06 22:36:12
1066726795,1305551333,AUDCAD,1,0.01,0.91798,-0.02,0.0,0.0,2025-11-06 22:36:12
1066725858,1305550277,EURNZD,0,0.01,2.03621,0.0,0.0,0.0,2025-11-06 22:35:35
1066723884,1305548002,EURGBP,1,0.01,0.88042,0.0,0.0,0.0,2025-11-06 22:34:28
1066714998,1305537185,AUDUSD,0,0.01,0.6513,0.0,0.0,0.0,2025-11-06 22:28:26
1066710975,1305532630,AUDCAD,0,0.01,0.91801,0.0,0.0,0.0,2025-11-06 22:25:27
1066708538,1305529869,USDCHF,1,0.01,0.80777,0.0,0.0,0.0,2025-11-06 22:23:57
1066707860,1305529073,NZDCAD,0,0.01,0.79847,0.0,0.0,0.0,2025-11-06 22:23:28
1066707839,1305529049,NZDUSD,0,0.01,0.56659,0.0,0.0,0.0,2025-11-06 22:23:27
1066701609,1305522114,GBPJPY,0,0.01,201.176,0.0,0.0,0.0,2025-11-06 22:19:29
1066698412,1305518548,EURCAD,0,0.01,1.6251799999999998,0.0,0.0,0.0,2025-11-06 22:17:27
1066698379,1305518515,GBPUSD,0,0.01,1.30965,0.0,0.0,0.0,2025-11-06 22:17:23
1066696933,1305516911,USDJPY,1,0.01,153.586,0.0,0.0,0.0,2025-11-06 22:16:23
1066696131,1305515934,EURAUD,0,0.01,1.77,0.0,0.0,0.0,2025-11-06 22:15:27
1066696129,1305515932,GBPCAD,0,0.01,1.84537,0.0,0.0,0.0,2025-11-06 22:15:26
1066696101,1305515901,NZDCHF,1,0.01,0.45762,0.0,0.0,0.0,2025-11-06 22:15:25
1066696087,1305515886,AUDCHF,1,0.01,0.5263,0.0,0.0,0.0,2025-11-06 22:15:24
1066695044,1305514491,NZDJPY,1,0.01,87.026,0.0,0.0,0.0,2025-11-06 22:14:35
1066693551,1305512720,GBPNZD,0,0.01,2.31123,0.0,0.0,0.0,2025-11-06 22:13:07
1066693528,1305512691,GBPAUD,0,0.01,2.00973,0.0,0.0,0.0,2025-11-06 22:13:06
1066692756,1305511780,AUDNZD,1,0.01,1.14992,0.0,0.0,0.0,2025-11-06 22:12:35
1066667853,1305480646,USDJPY,0,0.01,153.628,0.51,0.0,0.0,2025-11-06 21:57:37
1066667852,1305480645,USDCHF,0,0.01,0.80838,0.35,0.0,0.0,2025-11-06 21:57:37
1066667851,1305480644,NZDJPY,0,0.01,87.007,-0.05,0.0,0.0,2025-11-06 21:57:37
1066667850,1305480643,NZDCHF,0,0.01,0.45784,-0.26,0.0,0.0,2025-11-06 21:57:37
1066667849,1305480642,NZDCAD,1,0.01,0.79824,0.02,0.0,0.0,2025-11-06 21:57:37
1066667848,1305480641,GBPUSD,1,0.01,1.31014,1.17,0.0,0.0,2025-11-06 21:57:37
1066667847,1305480640,GBPCHF,1,0.01,1.05898,0.28,0.0,0.0,2025-11-06 21:57:37
1066667846,1305480639,GBPCAD,1,0.01,1.84671,1.19,0.0,0.0,2025-11-06 21:57:37
1066667845,1305480638,GBPAUD,1,0.01,2.01156,1.39,0.0,0.0,2025-11-06 21:57:37
1066667844,1305480637,EURNZD,1,0.01,2.03584,0.44,0.0,0.0,2025-11-06 21:57:37
1066667843,1305480636,EURJPY,1,0.01,177.123,-0.01,0.0,0.0,2025-11-06 21:57:37
1066667842,1305480635,EURCHF,1,0.01,0.93197,0.14,0.0,0.0,2025-11-06 21:57:37
1066667841,1305480634,EURCAD,1,0.01,1.62519,0.28,0.0,0.0,2025-11-06 21:57:37
1066667840,1305480633,EURAUD,1,0.01,1.77023,0.45,0.0,0.0,2025-11-06 21:57:37
1066667839,1305480632,AUDUSD,1,0.01,0.65126,0.19,0.0,0.0,2025-11-06 21:57:37
1066667838,1305480631,AUDNZD,1,0.01,1.14996,-0.12,0.0,0.0,2025-11-06 21:57:37
1066667837,1305480630,AUDJPY,0,0.01,100.061,-0.07,0.0,0.0,2025-11-06 21:57:37
1066667836,1305480629,AUDCHF,0,0.01,0.52653,-0.06,0.0,0.0,2025-11-06 21:57:37
1066667835,1305480628,AUDCAD,1,0.01,0.91799,-0.12,0.0,0.0,2025-11-06 21:57:37
1066667075,1305479765,EURJPY,0,0.01,177.124,0.0,0.0,0.0,2025-11-06 21:56:58
1066666057,1305478526,GBPCHF,0,0.01,1.05875,0.0,0.0,0.0,2025-11-06 21:56:00
1066662890,1305474913,EURUSD,1,0.01,1.15287,0.1,0.0,0.0,2025-11-06 21:53:47
1066657610,1305469616,GBPJPY,0,0.01,201.202,-1.65,0.0,0.0,2025-11-06 21:52:05
1066657519,1305469531,EURGBP,1,0.01,0.88032,-1.17,0.0,0.0,2025-11-06 21:52:04
1066652692,1305464326,EURCAD,0,0.01,1.6248,0.0,0.0,0.0,2025-11-06 21:48:55
1066649588,1305460926,EURCAD,1,0.01,1.62449,0.73,0.0,0.0,2025-11-06 21:46:00
1066649295,1305460583,GBPUSD,0,0.01,1.30897,0.0,0.0,0.0,2025-11-06 21:45:51
1066649250,1305460533,GBPNZD,1,0.01,2.31142,1.11,0.0,0.0,2025-11-06 21:45:50
1066649242,1305460525,GBPUSD,1,0.01,1.30879,1.66,0.0,0.0,2025-11-06 21:45:49
1066648828,1305460016,AUDCAD,0,0.01,0.91816,0.0,0.0,0.0,2025-11-06 21:45:24
1066648816,1305460003,NZDCAD,0,0.01,0.79821,0.0,0.0,0.0,2025-11-06 21:45:23
1066648758,1305459931,EURUSD,0,0.01,1.15277,0.0,0.0,0.0,2025-11-06 21:45:20
1066648666,1305459827,GBPCHF,0,0.01,1.05826,-1.41,0.0,0.0,2025-11-06 21:45:16
1066648657,1305459821,GBPCAD,0,0.01,1.84503,0.0,0.0,0.0,2025-11-06 21:45:16
1066648547,1305459697,AUDCAD,0,0.01,0.91821,-0.45,0.0,0.0,2025-11-06 21:45:15
1066645470,1305456084,GBPAUD,0,0.01,2.00943,0.0,0.0,0.0,2025-11-06 21:43:12
1066642763,1305452906,EURCHF,0,0.01,0.93186,0.0,0.0,0.0,2025-11-06 21:40:43
1066638595,1305448306,GBPCAD,0,0.01,1.84445,-1.23,0.0,0.0,2025-11-06 21:38:11
1066632564,1305441747,AUDUSD,0,0.01,0.65107,0.0,0.0,0.0,2025-11-06 21:34:20
1066630466,1305439441,USDJPY,1,0.01,153.707,0.0,0.0,0.0,2025-11-06 21:32:16
1066629328,1305438147,GBPCHF,1,0.01,1.05712,0.0,0.0,0.0,2025-11-06 21:30:59
1066628984,1305437773,EURGBP,0,0.01,0.88121,0.0,0.0,0.0,2025-11-06 21:30:27
1066628809,1305437579,USDJPY,0,0.01,153.737,-0.6,0.0,0.0,2025-11-06 21:30:16
1066627821,1305436119,GBPJPY,1,0.01,200.948,0.0,0.0,0.0,2025-11-06 21:29:06
1066627159,1305435338,EURCHF,0,0.01,0.93159,-0.63,0.0,0.0,2025-11-06 21:28:07
1066625195,1305433020,EURJPY,0,0.01,177.079,-0.7,0.0,0.0,2025-11-06 21:26:04
1066624445,1305432191,NZDCHF,1,0.01,0.45763,0.0,0.0,0.0,2025-11-06 21:25:25
1066624097,1305431788,EURNZD,0,0.01,2.03507,0.0,0.0,0.0,2025-11-06 21:25:04
1066624084,1305431764,NZDJPY,1,0.01,86.999,0.0,0.0,0.0,2025-11-06 21:25:04
1066623803,1305431359,AUDCHF,1,0.01,0.52648,0.0,0.0,0.0,2025-11-06 21:24:53
1066622491,1305429847,EURNZD,1,0.01,2.03468,-0.84,0.0,0.0,2025-11-06 21:23:36
1066622417,1305429760,NZDJPY,0,0.01,87.012,-0.51,0.0,0.0,2025-11-06 21:23:31
1066621947,1305429179,NZDCHF,0,0.01,0.45783,-0.47,0.0,0.0,2025-11-06 21:23:00
1066620378,1305427526,AUDCHF,0,0.01,0.52663,-0.52,0.0,0.0,2025-11-06 21:22:02
1066615235,1305421522,AUDJPY,1,0.01,100.051,0.0,0.0,0.0,2025-11-06 21:16:06
1066611936,1305417459,EURCHF,1,0.01,0.93108,0.0,0.0,0.0,2025-11-06 21:13:32
1066611517,1305416990,AUDJPY,0,0.01,100.07,-0.57,0.0,0.0,2025-11-06 21:13:13
1066608992,1305413587,AUDCAD,1,0.01,0.91757,0.0,0.0,0.0,2025-11-06 21:10:16
1066605234,1305409377,EURAUD,0,0.01,1.76954,0.0,0.0,0.0,2025-11-06 21:08:25
1066604854,1305408951,USDJPY,1,0.01,153.644,0.0,0.0,0.0,2025-11-06 21:08:06
1066604596,1305408638,GBPNZD,0,0.01,2.30946,0.0,0.0,0.0,2025-11-06 21:07:58
1066604561,1305408600,GBPUSD,0,0.01,1.30713,0.0,0.0,0.0,2025-11-06 21:07:57
1066601953,1305405613,USDCHF,1,0.01,0.80866,0.0,0.0,0.0,2025-11-06 21:05:44
1066601580,1305405222,AUDCAD,0,0.01,0.91768,-0.4,0.0,0.0,2025-11-06 21:05:33
1066594443,1305396824,EURAUD,1,0.01,1.76927,-0.77,0.0,0.0,2025-11-06 21:02:23
1066589424,1305391427,GBPCAD,1,0.01,1.84272,0.0,0.0,0.0,2025-11-06 21:00:27
1066588937,1305390925,AUDNZD,0,0.01,1.15017,0.0,0.0,0.0,2025-11-06 21:00:21
1066588439,1305390376,GBPCAD,1,0.01,1.84391,-1.06,0.0,0.0,2025-11-06 21:00:17
1066588374,1305390363,GBPJPY,1,0.01,201.0,-1.14,0.0,0.0,2025-11-06 21:00:17
1066588331,1305390305,GBPAUD,1,0.01,2.01031,-1.11,0.0,0.0,2025-11-06 21:00:17
1066588266,1305390246,EURJPY,1,0.01,176.971,0.0,0.0,0.0,2025-11-06 21:00:17
1066588258,1305390239,EURGBP,0,0.01,0.88032,-0.82,0.0,0.0,2025-11-06 21:00:17
1066587972,1305389927,GBPNZD,1,0.01,2.31272,-0.85,0.0,0.0,2025-11-06 21:00:10
1066586433,1305387083,AUDCHF,1,0.01,0.52621,0.0,0.0,0.0,2025-11-06 20:59:11
1066585926,1305386511,AUDJPY,1,0.01,99.983,0.0,0.0,0.0,2025-11-06 20:58:27
1066585877,1305386455,NZDJPY,1,0.01,86.934,0.0,0.0,0.0,2025-11-06 20:58:21
1066584976,1305385370,EURCAD,0,0.01,1.62346,0.0,0.0,0.0,2025-11-06 20:56:43
1066584074,1305384328,GBPCAD,0,0.01,1.8454,0.0,0.0,0.0,2025-11-06 20:55:53
1066583651,1305383875,GBPAUD,0,0.01,2.01202,0.0,0.0,0.0,2025-11-06 20:55:22
1066583635,1305383857,GBPNZD,0,0.01,2.31422,0.0,0.0,0.0,2025-11-06 20:55:21
1066583541,1305383751,NZDCHF,1,0.01,0.45745,0.0,0.0,0.0,2025-11-06 20:55:12
1066574649,1305373317,EURAUD,0,0.01,1.77046,0.0,0.0,0.0,2025-11-06 20:48:16
1066573704,1305372266,EURGBP,1,0.01,0.87969,0.0,0.0,0.0,2025-11-06 20:47:40
1066573548,1305372050,EURNZD,0,0.01,2.03617,0.0,0.0,0.0,2025-11-06 20:47:19
1066573472,1305371932,AUDCAD,1,0.01,0.91711,0.0,0.0,0.0,2025-11-06 20:47:07
1066573277,1305371641,GBPJPY,0,0.01,201.175,0.0,0.0,0.0,2025-11-06 20:46:48
1066572977,1305371306,USDJPY,0,0.01,153.64,0.6,0.0,0.0,2025-11-06 20:46:35
1066572976,1305371305,USDCHF,0,0.01,0.80874,0.23,0.0,0.0,2025-11-06 20:46:35
1066572975,1305371304,USDCAD,0,0.01,1.40967,-0.07,0.0,0.0,2025-11-06 20:46:35
1066572974,1305371303,NZDUSD,0,0.01,0.56586,-0.12,0.0,0.0,2025-11-06 20:46:35
1066572973,1305371302,NZDJPY,0,0.01,86.934,0.65,0.0,0.0,2025-11-06 20:46:35
1066572972,1305371301,NZDCHF,0,0.01,0.45762,0.33,0.0,0.0,2025-11-06 20:46:35
1066572971,1305371300,GBPUSD,1,0.01,1.30928,1.27,0.0,0.0,2025-11-06 20:46:35
1066572970,1305371299,GBPCHF,1,0.01,1.05878,0.79,0.0,0.0,2025-11-06 20:46:35
1066572969,1305371298,GBPCAD,1,0.01,1.84529,0.99,0.0,0.0,2025-11-06 20:46:35
1066572968,1305371297,GBPAUD,1,0.01,2.0118,1.05,0.0,0.0,2025-11-06 20:46:35
1066572967,1305371296,EURNZD,1,0.01,2.03594,1.01,0.0,0.0,2025-11-06 20:46:35
1066572966,1305371295,EURJPY,0,0.01,176.994,-0.29,0.0,0.0,2025-11-06 20:46:35
1066572965,1305371294,EURGBP,0,0.01,0.8799,0.43,0.0,0.0,2025-11-06 20:46:35
1066572964,1305371293,EURCHF,1,0.01,0.93154,-0.05,0.0,0.0,2025-11-06 20:46:35
1066572963,1305371292,EURCAD,1,0.01,1.62355,0.31,0.0,0.0,2025-11-06 20:46:35
1066572962,1305371291,EURAUD,1,0.01,1.77006,-0.08,0.0,0.0,2025-11-06 20:46:35
1066572961,1305371290,AUDUSD,0,0.01,0.65084,-0.14,0.0,0.0,2025-11-06 20:46:35
1066572960,1305371289,AUDNZD,1,0.01,1.15015,-0.08,0.0,0.0,2025-11-06 20:46:35
1066572959,1305371288,AUDJPY,0,0.01,99.992,0.42,0.0,0.0,2025-11-06 20:46:35
1066572958,1305371287,AUDCAD,0,0.01,0.91729,0.0,0.0,0.0,2025-11-06 20:46:35
1066562841,1305359916,EURAUD,0,0.01,1.77019,0.0,0.0,0.0,2025-11-06 20:39:41
1066559804,1305356476,EURJPY,1,0.01,176.949,0.0,0.0,0.0,2025-11-06 20:38:07
1066554321,1305350649,AUDCHF,1,0.01,0.52631,-0.56,0.0,0.0,2025-11-06 20:35:19
1066552289,1305348413,EURAUD,1,0.01,1.76953,0.98,0.0,0.0,2025-11-06 20:34:10
1066546017,1305341734,NZDUSD,1,0.01,0.56574,0.0,0.0,0.0,2025-11-06 20:30:27
1066538668,1305333242,AUDJPY,1,0.01,100.056,0.0,0.0,0.0,2025-11-06 20:24:44
1066532198,1305325903,GBPNZD,1,0.01,2.31252,1.48,0.0,0.0,2025-11-06 20:18:22
1066528461,1305321495,AUDCAD,1,0.01,0.91729,0.0,0.0,0.0,2025-11-06 20:14:53
1066521287,1305312919,AUDUSD,1,0.01,0.6507,0.0,0.0,0.0,2025-11-06 20:07:16
1066508967,1305297946,GBPAUD,0,0.01,2.01019,0.0,0.0,0.0,2025-11-06 19:57:55
1066508656,1305297602,EURJPY,1,0.01,176.974,-0.64,0.0,0.0,2025-11-06 19:57:28
1066508363,1305297286,AUDJPY,1,0.01,100.044,-0.7,0.0,0.0,2025-11-06 19:57:10
1066499320,1305287046,AUDUSD,1,0.01,0.65079,-0.6,0.0,0.0,2025-11-06 19:48:13
1066494876,1305281734,GBPAUD,1,0.01,2.00969,1.4,0.0,0.0,2025-11-06 19:44:21
1066493418,1305280107,EURJPY,0,0.01,177.073,0.0,0.0,0.0,2025-11-06 19:43:10
1066485570,1305271410,EURJPY,0,0.01,177.074,-0.88,0.0,0.0,2025-11-06 19:37:35
1066412525,1305188410,GBPAUD,0,0.01,2.00754,0.0,0.0,0.0,2025-11-06 18:36:11
1066410729,1305186252,NZDJPY,1,0.01,87.034,0.0,0.0,0.0,2025-11-06 18:34:10
1066408652,1305183805,GBPAUD,1,0.01,2.00709,-0.94,0.0,0.0,2025-11-06 18:31:45
1066405557,1305179956,NZDJPY,0,0.01,87.053,-0.71,0.0,0.0,2025-11-06 18:28:30
1066402711,1305176546,AUDJPY,0,0.01,100.152,0.0,0.0,0.0,2025-11-06 18:25:11
1066401851,1305175423,GBPUSD,0,0.01,1.30801,0.0,0.0,0.0,2025-11-06 18:24:37
1066400905,1305174301,USDCHF,1,0.01,0.80893,0.0,0.0,0.0,2025-11-06 18:23:27
1066398536,1305171635,AUDUSD,0,0.01,0.65139,0.0,0.0,0.0,2025-11-06 18:21:21
1066395992,1305168735,USDCAD,1,0.01,1.40957,0.0,0.0,0.0,2025-11-06 18:19:21
1066393002,1305165286,EURGBP,1,0.01,0.88023,0.0,0.0,0.0,2025-11-06 18:16:25
1066391508,1305163573,GBPCAD,0,0.01,1.84389,0.0,0.0,0.0,2025-11-06 18:15:05
1066385112,1305155652,AUDJPY,0,0.01,100.125,-0.77,0.0,0.0,2025-11-06 18:09:29
1066377306,1305146276,GBPJPY,0,0.01,201.008,-1.24,0.0,0.0,2025-11-06 18:03:28
1066377270,1305146239,GBPNZD,0,0.01,2.3099,0.0,0.0,0.0,2025-11-06 18:03:27
1066376169,1305144908,EURNZD,0,0.01,2.03416,0.0,0.0,0.0,2025-11-06 18:02:28
1066375030,1305143485,AUDNZD,0,0.01,1.1503,0.0,0.0,0.0,2025-11-06 18:01:24
1066373996,1305142039,EURCHF,0,0.01,0.93158,0.0,0.0,0.0,2025-11-06 18:00:30
1066373525,1305141452,GBPNZD,1,0.01,2.30916,-1.03,0.0,0.0,2025-11-06 18:00:15
1066371480,1305137826,USDCAD,0,0.01,1.40942,0.54,0.0,0.0,2025-11-06 17:59:37
1066371184,1305137448,NZDCHF,1,0.01,0.45789,0.0,0.0,0.0,2025-11-06 17:59:18
1066367890,1305133610,GBPCAD,1,0.01,1.84422,1.38,0.0,0.0,2025-11-06 17:57:44
1066363754,1305129135,AUDNZD,1,0.01,1.15005,-0.45,0.0,0.0,2025-11-06 17:56:24
1066363679,1305129039,EURUSD,1,0.01,1.15163,0.66,0.0,0.0,2025-11-06 17:56:23
1066363267,1305128638,GBPUSD,1,0.01,1.30781,1.29,0.0,0.0,2025-11-06 17:56:09
1066362775,1305128060,NZDCHF,0,0.01,0.45809,-0.52,0.0,0.0,2025-11-06 17:55:38
1066362094,1305127324,EURNZD,1,0.01,2.03394,-1.06,0.0,0.0,2025-11-06 17:55:01
1066361529,1305126649,EURCHF,1,0.01,0.93144,-0.64,0.0,0.0,2025-11-06 17:54:37
1066360314,1305125291,NZDCAD,0,0.01,0.79778,-0.48,0.0,0.0,2025-11-06 17:53:56
1066357410,1305122104,GBPCHF,0,0.01,1.05814,0.0,0.0,0.0,2025-11-06 17:51:46
1066355749,1305120138,EURGBP,1,0.01,0.88058,-0.52,0.0,0.0,2025-11-06 17:50:15
1066349923,1305113091,GBPAUD,0,0.01,2.00853,0.0,0.0,0.0,2025-11-06 17:45:13
1066347526,1305110274,EURCHF,0,0.01,0.93196,0.0,0.0,0.0,2025-11-06 17:44:19
1066341410,1305103030,GBPNZD,0,0.01,2.31098,0.0,0.0,0.0,2025-11-06 17:38:12
1066340721,1305102200,NZDUSD,0,0.01,0.56542,0.57,0.0,0.0,2025-11-06 17:37:24
1066340575,1305102047,AUDUSD,1,0.01,0.65041,-0.47,0.0,0.0,2025-11-06 17:37:17
1066338722,1305099936,USDCHF,0,0.01,0.80967,-0.64,0.0,0.0,2025-11-06 17:35:50
1066327024,1305085552,AUDJPY,1,0.01,100.006,0.0,0.0,0.0,2025-11-06 17:28:09
1066320742,1305078366,EURCAD,0,0.01,1.62312,0.0,0.0,0.0,2025-11-06 17:24:30
1066320696,1305078322,GBPAUD,0,0.01,2.00782,-1.03,0.0,0.0,2025-11-06 17:24:28
1066320694,1305078315,USDCHF,1,0.01,0.80915,0.0,0.0,0.0,2025-11-06 17:24:28
1066317408,1305074379,GBPCHF,0,0.01,1.05735,-0.83,0.0,0.0,2025-11-06 17:21:12
1066317119,1305073986,EURJPY,1,0.01,176.939,0.0,0.0,0.0,2025-11-06 17:20:58
1066317065,1305073924,EURJPY,1,0.01,176.949,-0.69,0.0,0.0,2025-11-06 17:20:55
1066316324,1305073045,USDCHF,0,0.01,0.80921,-0.54,0.0,0.0,2025-11-06 17:20:17
1066315665,1305071962,NZDCAD,1,0.01,0.7971,0.0,0.0,0.0,2025-11-06 17:20:00
1066315296,1305071474,NZDCAD,0,0.01,0.79723,0.55,0.0,0.0,2025-11-06 17:19:53
1066310035,1305065262,USDJPY,1,0.01,153.732,0.0,0.0,0.0,2025-11-06 17:17:19
1066307564,1305062352,EURNZD,0,0.01,2.03581,0.0,0.0,0.0,2025-11-06 17:16:03
1066306641,1305061169,GBPJPY,1,0.01,200.817,0.0,0.0,0.0,2025-11-06 17:15:33
1066303650,1305057624,NZDJPY,1,0.01,86.944,0.0,0.0,0.0,2025-11-06 17:14:32
1066302219,1305055780,GBPCAD,0,0.01,1.84228,0.0,0.0,0.0,2025-11-06 17:13:34
1066300410,1305053292,EURNZD,1,0.01,2.03533,1.06,0.0,0.0,2025-11-06 17:12:07
1066296313,1305048350,GBPAUD,1,0.01,2.00623,0.0,0.0,0.0,2025-11-06 17:08:55
1066293984,1305045269,USDCAD,1,0.01,1.41018,0.0,0.0,0.0,2025-11-06 17:06:47
1066293293,1305044470,GBPNZD,1,0.01,2.30966,1.06,0.0,0.0,2025-11-06 17:06:29
1066293006,1305044142,EURCHF,0,0.01,0.9313,-0.45,0.0,0.0,2025-11-06 17:06:16
1066292275,1305043269,GBPCAD,0,0.01,1.84234,-0.74,0.0,0.0,2025-11-06 17:05:43
1066290122,1305040737,AUDNZD,0,0.01,1.15085,0.0,0.0,0.0,2025-11-06 17:04:25
1066289370,1305039968,AUDJPY,1,0.01,100.072,-0.6,0.0,0.0,2025-11-06 17:04:08
1066289355,1305039954,NZDJPY,0,0.01,86.987,0.79,0.0,0.0,2025-11-06 17:04:08
1066288539,1305039046,USDJPY,0,0.01,153.746,0.96,0.0,0.0,2025-11-06 17:03:44
1066283802,1305033818,AUDNZD,1,0.01,1.1502,-0.36,0.0,0.0,2025-11-06 17:00:56
1066282801,1305032530,NZDCHF,1,0.01,0.45767,0.0,0.0,0.0,2025-11-06 17:00:18
1066281402,1305029926,EURCHF,1,0.01,0.93094,0.0,0.0,0.0,2025-11-06 16:59:57
1066280928,1305029361,GBPCHF,1,0.01,1.05668,0.0,0.0,0.0,2025-11-06 16:59:20
1066279907,1305028154,EURCHF,0,0.01,0.93124,-0.38,0.0,0.0,2025-11-06 16:58:02
1066277916,1305025752,AUDCAD,0,0.01,0.91817,-0.42,0.0,0.0,2025-11-06 16:55:44
1066273992,1305021094,USDCHF,1,0.01,0.80877,0.0,0.0,0.0,2025-11-06 16:51:12
1066268478,1305014551,GBPCAD,1,0.01,1.84129,0.0,0.0,0.0,2025-11-06 16:46:51
1066265200,1305010177,GBPJPY,1,0.01,200.899,-0.85,0.0,0.0,2025-11-06 16:43:39
1066264811,1305009722,USDCHF,0,0.01,0.80881,0.64,0.0,0.0,2025-11-06 16:43:17
1066264325,1305009131,EURCHF,1,0.01,0.93093,0.0,0.0,0.0,2025-11-06 16:42:49
1066264215,1305009009,AUDNZD,0,0.01,1.15084,0.0,0.0,0.0,2025-11-06 16:42:45
1066263474,1305008094,EURJPY,0,0.01,177.055,0.0,0.0,0.0,2025-11-06 16:42:09
1066258764,1305003051,GBPUSD,0,0.01,1.30652,0.0,0.0,0.0,2025-11-06 16:39:48
1066255428,1304999368,NZDCHF,0,0.01,0.45763,0.56,0.0,0.0,2025-11-06 16:37:25
1066254856,1304998798,AUDNZD,1,0.01,1.15077,0.5,0.0,0.0,2025-11-06 16:37:10
1066253238,1304996948,EURJPY,1,0.01,177.074,-0.76,0.0,0.0,2025-11-06 16:35:59
1066245711,1304988530,EURGBP,0,0.01,0.88098,0.0,0.0,0.0,2025-11-06 16:30:36
1066245033,1304987702,EURCHF,1,0.01,0.93122,-0.42,0.0,0.0,2025-11-06 16:30:08
1066243387,1304985564,USDCAD,0,0.01,1.4098,0.31,0.0,0.0,2025-11-06 16:29:16
1066240979,1304982905,USDJPY,1,0.01,153.893,0.0,0.0,0.0,2025-11-06 16:27:28
1066231941,1304972895,EURGBP,1,0.01,0.88097,-0.39,0.0,0.0,2025-11-06 16:22:16
1066209706,1304948939,GBPCAD,0,0.01,1.84132,-0.52,0.0,0.0,2025-11-06 16:14:22
1066209110,1304948287,EURUSD,0,0.01,1.15097,0.0,0.0,0.0,2025-11-06 16:13:54
1066208915,1304948044,GBPUSD,0,0.01,1.30583,-0.56,0.0,0.0,2025-11-06 16:13:39
1066202624,1304940746,USDCHF,1,0.01,0.80933,0.0,0.0,0.0,2025-11-06 16:08:25
1066200272,1304937990,EURCHF,0,0.01,0.93156,0.0,0.0,0.0,2025-11-06 16:06:34
1066190848,1304926857,EURCHF,1,0.01,0.93128,-0.32,0.0,0.0,2025-11-06 16:01:04
1066189946,1304925918,GBPCAD,1,0.01,1.84058,0.0,0.0,0.0,2025-11-06 16:01:00
1066188433,1304924304,USDCHF,1,0.01,0.80944,-0.44,0.0,0.0,2025-11-06 16:00:35
1066186982,1304922805,USDCAD,1,0.01,1.41024,0.0,0.0,0.0,2025-11-06 16:00:21
1066182699,1304917242,GBPUSD,1,0.01,1.30527,0.0,0.0,0.0,2025-11-06 15:58:57
1066182568,1304917099,USDCHF,0,0.01,0.8098,0.0,0.0,0.0,2025-11-06 15:58:49
1066181697,1304916145,GBPUSD,1,0.01,1.30538,-0.54,0.0,0.0,2025-11-06 15:58:12
1066171294,1304904882,EURAUD,0,0.01,1.76802,0.0,0.0,0.0,2025-11-06 15:51:52
1066166084,1304899179,EURJPY,0,0.01,177.191,0.0,0.0,0.0,2025-11-06 15:48:15
1066162946,1304895495,GBPUSD,0,0.01,1.30592,0.0,0.0,0.0,2025-11-06 15:46:16
1066157825,1304889846,GBPUSD,1,0.01,1.30575,-0.52,0.0,0.0,2025-11-06 15:42:38
1066157566,1304889571,NZDCHF,1,0.01,0.45808,0.0,0.0,0.0,2025-11-06 15:42:14
1066156274,1304888144,EURGBP,0,0.01,0.88127,0.0,0.0,0.0,2025-11-06 15:40:42
1066155681,1304887556,AUDCAD,1,0.01,0.91758,0.0,0.0,0.0,2025-11-06 15:40:12
1066153070,1304884454,EURCHF,0,0.01,0.93154,0.0,0.0,0.0,2025-11-06 15:37:43
1066152573,1304883924,GBPUSD,0,0.01,1.30627,0.0,0.0,0.0,2025-11-06 15:37:09
1066151461,1304882744,NZDCAD,1,0.01,0.798,0.0,0.0,0.0,2025-11-06 15:36:11
1066150604,1304881818,AUDJPY,0,0.01,100.164,0.0,0.0,0.0,2025-11-06 15:35:13
1066150069,1304881175,AUDCHF,0,0.01,0.52676,0.0,0.0,0.0,2025-11-06 15:34:39
1066149664,1304880745,AUDNZD,0,0.01,1.14989,0.0,0.0,0.0,2025-11-06 15:34:11
1066149596,1304880669,AUDUSD,0,0.01,0.65088,0.0,0.0,0.0,2025-11-06 15:34:07
1066147551,1304878434,GBPJPY,0,0.01,201.03,0.0,0.0,0.0,2025-11-06 15:32:12
1066143816,1304874149,GBPNZD,0,0.01,2.30779,0.0,0.0,0.0,2025-11-06 15:29:10
1066143602,1304873927,NZDUSD,1,0.01,0.56599,0.0,0.0,0.0,2025-11-06 15:29:06
1066143128,1304873367,EURNZD,0,0.01,2.03346,0.0,0.0,0.0,2025-11-06 15:28:39
1066143116,1304873352,NZDJPY,1,0.01,87.109,0.0,0.0,0.0,2025-11-06 15:28:38
1066141486,1304871516,XAUGBP,1,0.01,3053.6,2.48,0.0,0.0,2025-11-06 15:27:14
1066141476,1304871506,XAUGBP,1,0.01,3053.6,2.17,0.0,0.0,2025-11-06 15:27:13
1066141475,1304871505,XAUGBP,1,0.01,3053.6,0.0,0.0,0.0,2025-11-06 15:27:13
1066141474,1304871504,XAUEUR,1,0.01,3465.16,0.58,0.0,0.0,2025-11-06 15:27:13
1066141473,1304871503,USDJPY,0,0.01,153.906,-0.34,0.0,0.0,2025-11-06 15:27:13
1066141472,1304871502,USDCHF,0,0.01,0.80926,-0.06,0.0,0.0,2025-11-06 15:27:13
1066141471,1304871501,NZDUSD,1,0.01,0.56606,-0.22,0.0,0.0,2025-11-06 15:27:13
1066141470,1304871500,NZDCAD,0,0.01,0.79821,-0.02,0.0,0.0,2025-11-06 15:27:13
1066141469,1304871499,GBPNZD,1,0.01,2.30729,0.09,0.0,0.0,2025-11-06 15:27:13
1066141468,1304871498,GBPJPY,1,0.01,201.026,0.33,0.0,0.0,2025-11-06 15:27:13
1066141467,1304871497,GBPCAD,1,0.01,1.84157,-0.13,0.0,0.0,2025-11-06 15:27:13
1066141466,1304871496,GBPAUD,0,0.01,2.00661,-0.23,0.0,0.0,2025-11-06 15:27:13
1066141465,1304871495,EURUSD,1,0.01,1.15106,-0.04,0.0,0.0,2025-11-06 15:27:13
1066141464,1304871494,EURNZD,1,0.01,2.03325,0.03,0.0,0.0,2025-11-06 15:27:13
1066141463,1304871493,EURJPY,1,0.01,177.15,0.25,0.0,0.0,2025-11-06 15:27:13
1066141462,1304871492,EURGBP,1,0.01,0.88117,0.13,0.0,0.0,2025-11-06 15:27:13
1066141461,1304871491,EURCHF,1,0.01,0.93143,0.3,0.0,0.0,2025-11-06 15:27:13
1066141460,1304871490,EURCAD,1,0.01,1.62284,0.27,0.0,0.0,2025-11-06 15:27:13
1066141459,1304871489,EURAUD,1,0.01,1.76817,-0.01,0.0,0.0,2025-11-06 15:27:13
1066141458,1304871488,AUDUSD,1,0.01,0.65095,-0.09,0.0,0.0,2025-11-06 15:27:13
1066141457,1304871486,AUDCAD,1,0.01,0.91776,-0.18,0.0,0.0,2025-11-06 15:27:13
1066137079,1304866735,XAUGBP,0,0.01,3051.7,0.0,0.0,0.0,2025-11-06 15:23:19
1066135840,1304865387,XAUGBP,0,0.01,3051.94,0.0,0.0,0.0,2025-11-06 15:22:20
1066128753,1304857634,NZDUSD,0,0.01,0.56628,0.0,0.0,0.0,2025-11-06 15:16:10
1066127381,1304856131,EURJPY,0,0.01,177.112,0.0,0.0,0.0,2025-11-06 15:15:05
1066120959,1304848917,EURGBP,0,0.01,0.88107,0.0,0.0,0.0,2025-11-06 15:10:01
1066119732,1304847531,EURNZD,0,0.01,2.03319,0.0,0.0,0.0,2025-11-06 15:09:00
1066119051,1304846771,NZDCAD,1,0.01,0.79818,0.0,0.0,0.0,2025-11-06 15:08:28
1066116502,1304843928,GBPUSD,1,0.01,1.3067,0.59,0.0,0.0,2025-11-06 15:06:32
1066116474,1304843898,USDCAD,0,0.01,1.41001,0.3,0.0,0.0,2025-11-06 15:06:31
1066113525,1304840721,NZDUSD,0,0.01,0.56636,-0.39,0.0,0.0,2025-11-06 15:04:27
1066112693,1304839827,NZDCAD,0,0.01,0.79839,-0.33,0.0,0.0,2025-11-06 15:04:01
1066111025,1304838010,XAUGBP,0,0.01,3053.6,0.0,0.0,0.0,2025-11-06 15:03:08
1066110500,1304837448,EURUSD,0,0.01,1.1511,0.0,0.0,0.0,2025-11-06 15:02:59
1066109332,1304836144,XAUEUR,0,0.01,3464.66,0.0,0.0,0.0,2025-11-06 15:02:08
1066105801,1304832309,NZDCAD,1,0.01,0.79793,0.0,0.0,0.0,2025-11-06 15:00:23
1066103026,1304828136,EURUSD,1,0.01,1.15104,0.46,0.0,0.0,2025-11-06 14:58:47
1066096819,1304821370,NZDCAD,1,0.01,0.79804,-0.49,0.0,0.0,2025-11-06 14:53:50
1066096581,1304821153,NZDUSD,1,0.01,0.56597,0.0,0.0,0.0,2025-11-06 14:53:41
1066095961,1304820487,EURNZD,1,0.01,2.03285,0.99,0.0,0.0,2025-11-06 14:53:07
1066095631,1304820116,EURAUD,0,0.01,1.76818,0.0,0.0,0.0,2025-11-06 14:52:43
1066094585,1304818974,GBPNZD,0,0.01,2.30713,0.0,0.0,0.0,2025-11-06 14:51:41
1066094433,1304818811,EURAUD,0,0.01,1.76809,-0.81,0.0,0.0,2025-11-06 14:51:30
1066084073,1304807155,NZDUSD,1,0.01,0.5661,-0.42,0.0,0.0,2025-11-06 14:42:55
1066081444,1304804174,GBPJPY,0,0.01,200.975,0.0,0.0,0.0,2025-11-06 14:41:02
1066078438,1304800778,GBPCHF,1,0.01,1.05672,-0.47,0.0,0.0,2025-11-06 14:38:45
1066059734,1304780037,EURNZD,0,0.01,2.0311,0.0,0.0,0.0,2025-11-06 14:24:25
1066057267,1304777665,USDJPY,1,0.01,153.853,0.0,0.0,0.0,2025-11-06 14:22:58
1066057193,1304777589,GBPCHF,0,0.01,1.0571,0.0,0.0,0.0,2025-11-06 14:22:55
1066048266,1304767361,USDJPY,1,0.01,153.899,-0.54,0.0,0.0,2025-11-06 14:12:20
1066046801,1304765719,USDCAD,1,0.01,1.41044,0.0,0.0,0.0,2025-11-06 14:10:51
1066038791,1304756579,USDJPY,0,0.01,153.982,0.0,0.0,0.0,2025-11-06 14:00:19
1066036125,1304752529,NZDUSD,0,0.01,0.56652,0.0,0.0,0.0,2025-11-06 13:57:47
1066035250,1304751496,EURAUD,1,0.01,1.76685,0.0,0.0,0.0,2025-11-06 13:56:13
1065975926,1304680526,GBPAUD,1,0.01,2.00625,0.0,0.0,0.0,2025-11-06 12:22:31
1065971889,1304675627,EURCHF,0,0.01,0.93119,0.0,0.0,0.0,2025-11-06 12:15:56
1065971652,1304675374,NZDCAD,0,0.01,0.79873,0.0,0.0,0.0,2025-11-06 12:15:29
1065971645,1304675367,AUDCAD,0,0.01,0.91802,0.0,0.0,0.0,2025-11-06 12:15:27
1065971066,1304674602,AUDUSD,0,0.01,0.65104,0.0,0.0,0.0,2025-11-06 12:14:56
1065970873,1304674375,GBPCAD,0,0.01,1.84175,0.0,0.0,0.0,2025-11-06 12:14:29
1065970839,1304674341,EURCAD,0,0.01,1.62246,0.0,0.0,0.0,2025-11-06 12:14:26
1065970284,1304673671,GBPUSD,0,0.01,1.30611,0.0,0.0,0.0,2025-11-06 12:13:26
1065970280,1304673666,USDCHF,1,0.01,0.80921,0.0,0.0,0.0,2025-11-06 12:13:25
1065970270,1304673653,EURUSD,0,0.01,1.15058,0.0,0.0,0.0,2025-11-06 12:13:24
1065969452,1304672558,USDCAD,0,0.01,1.41038,-0.01,0.0,0.0,2025-11-06 12:12:17
1065969447,1304672551,NZDUSD,1,0.01,0.56633,-0.21,0.0,0.0,2025-11-06 12:12:16
1065969438,1304672540,NZDCAD,1,0.01,0.79859,-0.2,0.0,0.0,2025-11-06 12:12:16
1065969434,1304672532,GBPNZD,1,0.01,2.30589,0.07,0.0,0.0,2025-11-06 12:12:15
1065969429,1304672524,GBPCHF,1,0.01,1.05694,-0.2,0.0,0.0,2025-11-06 12:12:14
1065969426,1304672519,EURNZD,1,0.01,2.03125,-0.16,0.0,0.0,2025-11-06 12:12:13
1065969424,1304672515,EURJPY,1,0.01,177.076,-0.37,0.0,0.0,2025-11-06 12:12:12
1065969418,1304672508,EURGBP,1,0.01,0.88086,-0.24,0.0,0.0,2025-11-06 12:12:12
1065969414,1304672501,AUDUSD,1,0.01,0.65091,0.01,0.0,0.0,2025-11-06 12:12:11
1065967778,1304670681,AUDCAD,1,0.01,0.91793,0.11,0.0,0.0,2025-11-06 12:10:48
1065963573,1304665886,EURGBP,0,0.01,0.88104,0.0,0.0,0.0,2025-11-06 12:04:58
1065963195,1304665498,EURNZD,0,0.01,2.03153,0.0,0.0,0.0,2025-11-06 12:04:26
1065962577,1304664809,GBPNZD,0,0.01,2.30577,0.0,0.0,0.0,2025-11-06 12:03:33
1065961112,1304662936,EURJPY,0,0.01,177.133,0.0,0.0,0.0,2025-11-06 12:00:57
1065960877,1304662629,GBPCHF,0,0.01,1.0571,0.0,0.0,0.0,2025-11-06 12:00:27
1065957919,1304658411,NZDCAD,0,0.01,0.79887,0.0,0.0,0.0,2025-11-06 11:57:29
1065957909,1304658396,AUDCAD,0,0.01,0.91778,0.0,0.0,0.0,2025-11-06 11:57:27
1065957506,1304657945,AUDUSD,0,0.01,0.6509,0.0,0.0,0.0,2025-11-06 11:56:55
1065956701,1304657120,NZDUSD,0,0.01,0.56654,0.0,0.0,0.0,2025-11-06 11:56:24
1065951176,1304651623,USDCAD,1,0.01,1.41036,0.0,0.0,0.0,2025-11-06 11:51:00
1065951011,1304651415,USDCAD,1,0.01,1.41036,-0.18,0.0,0.0,2025-11-06 11:50:35
1065951009,1304651410,GBPNZD,0,0.01,2.30514,-0.1,0.0,0.0,2025-11-06 11:50:34
1065951006,1304651405,GBPNZD,1,0.01,2.30481,-0.58,0.0,0.0,2025-11-06 11:50:34
1065951000,1304651396,GBPCAD,1,0.01,1.84128,-0.2,0.0,0.0,2025-11-06 11:50:33
1065950993,1304651387,EURJPY,1,0.01,177.122,0.04,0.0,0.0,2025-11-06 11:50:32
1065950981,1304651384,EURJPY,1,0.01,177.123,0.1,0.0,0.0,2025-11-06 11:50:31
1065950977,1304651378,EURGBP,1,0.01,0.88092,-0.03,0.0,0.0,2025-11-06 11:50:30
1065950974,1304651374,EURGBP,1,0.01,0.88093,-0.1,0.0,0.0,2025-11-06 11:50:29
1065950969,1304651370,EURCHF,1,0.01,0.93103,0.04,0.0,0.0,2025-11-06 11:50:28
1065950966,1304651367,EURCHF,1,0.01,0.93103,0.1,0.0,0.0,2025-11-06 11:50:27
1065940937,1304639222,EURJPY,0,0.01,177.116,0.0,0.0,0.0,2025-11-06 11:39:21
1065940051,1304638061,EURGBP,0,0.01,0.88094,0.0,0.0,0.0,2025-11-06 11:37:48
1065939771,1304637738,GBPUSD,1,0.01,1.30594,-0.33,0.0,0.0,2025-11-06 11:37:25
1065939129,1304636973,EURUSD,1,0.01,1.15044,-0.35,0.0,0.0,2025-11-06 11:36:55
1065938200,1304635778,EURJPY,0,0.01,177.108,0.0,0.0,0.0,2025-11-06 11:35:48
1065938163,1304635719,EURUSD,1,0.01,1.1505,-0.37,0.0,0.0,2025-11-06 11:35:44
1065938143,1304635693,GBPNZD,1,0.01,2.30496,0.0,0.0,0.0,2025-11-06 11:35:42
1065937962,1304635476,EURAUD,1,0.01,1.76653,-0.83,0.0,0.0,2025-11-06 11:35:31
1065923697,1304618540,EURAUD,0,0.01,1.76781,0.0,0.0,0.0,2025-11-06 11:20:12
1065921621,1304616039,EURNZD,1,0.01,2.03049,-0.79,0.0,0.0,2025-11-06 11:17:03
1065918212,1304611661,GBPCAD,0,0.01,1.84156,0.0,0.0,0.0,2025-11-06 11:12:13
1065917759,1304611132,GBPCHF,1,0.01,1.05649,-0.48,0.0,0.0,2025-11-06 11:11:56
1065916756,1304609893,GBPNZD,0,0.01,2.30583,0.0,0.0,0.0,2025-11-06 11:10:43
1065916708,1304609809,GBPJPY,1,0.01,200.9,-0.81,0.0,0.0,2025-11-06 11:10:33
1065910765,1304602496,EURCHF,0,0.01,0.931,0.0,0.0,0.0,2025-11-06 11:03:39
1065910731,1304602464,EURUSD,0,0.01,1.15087,0.0,0.0,0.0,2025-11-06 11:03:38
1065909829,1304601478,EURJPY,1,0.01,176.992,-0.65,0.0,0.0,2025-11-06 11:03:15
1065909199,1304600846,GBPJPY,1,0.01,200.924,-0.86,0.0,0.0,2025-11-06 11:03:10
1065905354,1304596604,EURNZD,0,0.01,2.03188,0.0,0.0,0.0,2025-11-06 11:01:06
1065904705,1304595819,GBPCHF,0,0.01,1.05688,0.0,0.0,0.0,2025-11-06 11:00:37
1065904218,1304595174,EURCAD,1,0.01,1.62261,-0.43,0.0,0.0,2025-11-06 11:00:11
1065904187,1304595125,EURCAD,1,0.01,1.62263,-0.42,0.0,0.0,2025-11-06 11:00:10
1065899910,1304588877,EURUSD,0,0.01,1.15079,0.0,0.0,0.0,2025-11-06 10:55:53
1065899806,1304588769,AUDUSD,1,0.01,0.65087,0.62,0.0,0.0,2025-11-06 10:55:49
1065884415,1304571173,GBPUSD,0,0.01,1.30627,0.0,0.0,0.0,2025-11-06 10:41:09
1065883957,1304570595,NZDCAD,1,0.01,0.79812,-0.34,0.0,0.0,2025-11-06 10:40:35
1065881093,1304567188,GBPJPY,0,0.01,201.056,0.0,0.0,0.0,2025-11-06 10:37:38
1065880844,1304566880,GBPCAD,1,0.01,1.842,-0.4,0.0,0.0,2025-11-06 10:37:22
1065879199,1304564997,EURCHF,0,0.01,0.93095,0.0,0.0,0.0,2025-11-06 10:36:01
1065876284,1304561657,EURJPY,0,0.01,177.092,0.0,0.0,0.0,2025-11-06 10:33:32
1065875451,1304560633,NZDCAD,0,0.01,0.7986,0.0,0.0,0.0,2025-11-06 10:32:36
1065875440,1304560602,GBPJPY,0,0.01,201.025,0.0,0.0,0.0,2025-11-06 10:32:33
1065874999,1304560016,AUDUSD,0,0.01,0.65025,0.0,0.0,0.0,2025-11-06 10:32:01
1065870815,1304554855,EURCAD,0,0.01,1.62321,0.0,0.0,0.0,2025-11-06 10:29:32
1065870786,1304554822,GBPCAD,0,0.01,1.84256,0.0,0.0,0.0,2025-11-06 10:29:30
1065869795,1304553690,EURCAD,0,0.01,1.62322,0.0,0.0,0.0,2025-11-06 10:28:59
1065868961,1304552735,EURGBP,0,0.01,0.88101,0.0,0.0,0.0,2025-11-06 10:28:29
1065855525,1304536196,USDCAD,0,0.01,1.41062,0.0,0.0,0.0,2025-11-06 10:15:00
1065793221,1304464898,USDCAD,0,0.01,1.41067,1.4,-0.22,0.0,2025-11-06 09:14:41
1065228375,1303803375,AUDUSD,1,0.01,0.64895,-0.44,0.0,0.0,2025-11-06 00:14:31
1065228288,1303803255,EURGBP,0,0.01,0.88092,-0.2,0.0,0.0,2025-11-06 00:14:27
1065226802,1303801506,AUDUSD,0,0.01,0.64939,0.0,0.0,0.0,2025-11-06 00:13:45
1065226797,1303801501,EURGBP,1,0.01,0.88077,0.0,0.0,0.0,2025-11-06 00:13:44
1065178683,1303743610,EURCHF,1,0.01,0.93082,-0.26,0.0,0.0,2025-11-06 00:00:00
1065163241,1303725280,EURCHF,0,0.01,0.93103,0.0,0.0,0.0,2025-11-05 23:53:45
1065150173,1303710270,USDCAD,1,0.01,1.41228,-0.32,0.0,0.0,2025-11-05 23:49:33
1065149923,1303709981,EURUSD,0,0.01,1.1489,-0.42,0.0,0.0,2025-11-05 23:49:27
1065141899,1303700967,EURUSD,1,0.01,1.14848,0.0,0.0,0.0,2025-11-05 23:47:16
1065135512,1303693282,USDCAD,1,0.01,1.41264,0.0,0.0,0.0,2025-11-05 23:45:00
1065128921,1303685500,USDCAD,0,0.01,1.41273,0.0,0.0,0.0,2025-11-05 23:42:20
1065120378,1303675782,AUDUSD,1,0.01,0.64907,0.37,0.0,0.0,2025-11-05 23:39:57
1065120252,1303675625,AUDUSD,1,0.01,0.64906,0.3,0.0,0.0,2025-11-05 23:39:53
1065109734,1303663208,EURAUD,0,0.01,1.76991,0.36,0.0,0.0,2025-11-05 23:36:00
1065101407,1303653241,AUDUSD,0,0.01,0.64876,0.0,0.0,0.0,2025-11-05 23:32:51
1065100989,1303652744,AUDUSD,0,0.01,0.6487,0.0,0.0,0.0,2025-11-05 23:32:46
1065091394,1303640677,AUDCHF,1,0.01,0.52566,0.2,0.0,0.0,2025-11-05 23:29:19
1065087659,1303636308,EURGBP,0,0.01,0.88149,-0.16,0.0,0.0,2025-11-05 23:27:41
1065084622,1303632445,USDCHF,1,0.01,0.81019,-0.23,0.0,0.0,2025-11-05 23:25:21
1065084520,1303632348,USDCHF,1,0.01,0.81022,-0.21,0.0,0.0,2025-11-05 23:25:19
1065084107,1303631864,EURUSD,0,0.01,1.14828,-0.2,0.0,0.0,2025-11-05 23:25:11
1065083865,1303631627,EURUSD,0,0.01,1.14825,-0.22,0.0,0.0,2025-11-05 23:25:10
1065080850,1303627780,GBPUSD,0,0.01,1.30273,-0.23,0.0,0.0,2025-11-05 23:22:52
1065078693,1303625390,EURCAD,1,0.01,1.62303,0.07,0.0,0.0,2025-11-05 23:21:42
1065078668,1303625360,EURCAD,1,0.01,1.62303,0.88,0.0,0.0,2025-11-05 23:21:41
1065078584,1303625264,EURAUD,1,0.01,1.77046,0.0,0.0,0.0,2025-11-05 23:21:39
1065078454,1303625101,EURUSD,1,0.01,1.14808,0.0,0.0,0.0,2025-11-05 23:21:32
1065078446,1303625090,USDCHF,0,0.01,0.81038,0.0,0.0,0.0,2025-11-05 23:21:32
1065078359,1303624980,USDCHF,0,0.01,0.81039,0.0,0.0,0.0,2025-11-05 23:21:27
1065078341,1303624957,AUDCHF,0,0.01,0.5255,0.0,0.0,0.0,2025-11-05 23:21:27
1065078330,1303624940,GBPUSD,1,0.01,1.3025,0.0,0.0,0.0,2025-11-05 23:21:26
1065078315,1303624922,EURUSD,1,0.01,1.14803,0.0,0.0,0.0,2025-11-05 23:21:25
1065078291,1303624892,EURGBP,1,0.01,0.88137,0.0,0.0,0.0,2025-11-05 23:21:25
1065067532,1303611539,GBPAUD,0,0.01,2.00862,-0.42,0.0,0.0,2025-11-05 23:14:22
1065058789,1303601501,GBPAUD,1,0.01,2.00797,0.0,0.0,0.0,2025-11-05 23:09:39
1065054234,1303596283,EURGBP,0,0.01,0.88097,-0.22,0.0,0.0,2025-11-05 23:07:01
1065053781,1303595690,EURGBP,0,0.01,0.88093,-0.16,0.0,0.0,2025-11-05 23:06:39
1065053604,1303595471,EURGBP,1,0.01,0.88081,0.0,0.0,0.0,2025-11-05 23:06:31
1065053387,1303595222,EURGBP,1,0.01,0.8808,0.0,0.0,0.0,2025-11-05 23:06:22
1065042103,1303581827,EURCAD,0,0.01,1.62178,0.0,0.0,0.0,2025-11-05 23:00:47
1065013126,1303545434,EURCAD,0,0.01,1.62293,0.0,0.0,0.0,2025-11-05 22:43:51
1064900871,1303409908,USDCAD,1,0.01,1.41308,-0.25,0.0,0.0,2025-11-05 21:27:16
1064900860,1303409894,USDCAD,1,0.01,1.41308,-0.25,0.0,0.0,2025-11-05 21:27:15
1064900843,1303409870,EURNZD,1,0.01,2.03602,0.45,0.0,0.0,2025-11-05 21:27:14
1064900831,1303409859,EURJPY,1,0.01,176.56,0.72,0.0,0.0,2025-11-05 21:27:14
1064900815,1303409845,EURGBP,1,0.01,0.88111,-1.06,0.0,0.0,2025-11-05 21:27:13
1064900804,1303409834,EURAUD,1,0.01,1.77286,0.76,0.0,0.0,2025-11-05 21:27:12
1064900794,1303409820,EURAUD,1,0.01,1.77286,0.83,0.0,0.0,2025-11-05 21:27:11
1064900762,1303409785,AUDNZD,1,0.01,1.14841,0.13,0.0,0.0,2025-11-05 21:27:11
1064855621,1303357618,GBPJPY,0,0.01,200.228,-1.02,0.0,0.0,2025-11-05 20:56:24
1064807703,1303299557,EURGBP,0,0.01,0.88227,-1.55,0.0,0.0,2025-11-05 20:14:12
1064800256,1303290625,GBPCAD,1,0.01,1.83977,-0.4,0.0,0.0,2025-11-05 20:07:45
1064800255,1303290624,GBPCAD,1,0.01,1.83977,-1.18,0.0,0.0,2025-11-05 20:07:45
1064794159,1303283365,AUDNZD,0,0.01,1.14818,0.0,0.0,0.0,2025-11-05 20:03:10
1064794149,1303283356,EURNZD,0,0.01,2.03522,0.0,0.0,0.0,2025-11-05 20:03:09
1064793985,1303283172,GBPJPY,1,0.01,200.072,0.0,0.0,0.0,2025-11-05 20:03:03
1064793976,1303283158,EURJPY,0,0.01,176.449,0.0,0.0,0.0,2025-11-05 20:03:02
1064793950,1303283133,EURGBP,0,0.01,0.88192,0.0,0.0,0.0,2025-11-05 20:03:02
1064793938,1303283112,GBPCAD,0,0.01,1.84034,0.0,0.0,0.0,2025-11-05 20:03:01
1064767962,1303251954,USDCAD,0,0.01,1.41344,0.0,0.0,0.0,2025-11-05 19:45:00
1064760719,1303243978,EURAUD,0,0.01,1.77168,0.0,0.0,0.0,2025-11-05 19:38:38
1064760660,1303243918,USDCAD,0,0.01,1.41344,0.0,0.0,0.0,2025-11-05 19:38:34
1064760657,1303243915,GBPCAD,0,0.01,1.84144,0.0,0.0,0.0,2025-11-05 19:38:34
1064760655,1303243913,EURAUD,0,0.01,1.7715800000000002,0.0,0.0,0.0,2025-11-05 19:38:33
1064760651,1303243908,EURGBP,1,0.01,0.88108,0.0,0.0,0.0,2025-11-05 19:38:32
1064747572,1303227958,GBPCAD,1,0.01,1.84144,0.21,0.0,0.0,2025-11-05 19:22:27
1064732919,1303210945,GBPCAD,0,0.01,1.84114,0.0,0.0,0.0,2025-11-05 19:11:02
